Country Name,1960,1961,1962,1963,1964,1965,1966,1967,1968,1969,1970,1971,1972,1973,1974,1975,1976,1977,1978,1979,1980,1981,1982,1983,1984,1985,1986,1987,1988,1989,1990,1991,1992,1993,1994,1995,1996,1997,1998,1999,2000,2001,2002,2003,2004,2005,2006,2007,2008,2009,2010,2011,2012,2013,2014,2015,2016,2017,2018,2019,2020,2021,2022
Aruba,,,,,,,,,,,,,,,,,,,,,,,,,,,,,,,,,,,,,,,,,,,,,,,,,,,,,,,,,,,,,,,
Africa Eastern and Southern,73000000,,312000000,617000000,449000000,509000000,775000000,462000000,309000000,471000000,1234000000,874000000,575000000,725000000,793000000,1421000000,1258000000,2126000000,2626000000,960000000,1242000000,1628000000,1414000000,1348000000,1173000000,1046000000,1559000000,1866000000,1251000000,321000000,272000000,216000000,,406000000,408000000,96000000,304000000,345000000,,,512000000,402000000,,,,618000000,987000000,1055000000,769000000,402000000,,1087000000,954000000,521000000,293000000,312000000,,,,,,,212000000
Afghanistan,40000000,56000000,64000000,40000000,56000000,91000000,198000000,230000000,145000000,92000000,9000000,149000000,124000000,,,90000000,230000000,75000000,281000000,360000000,352000000,382000000,294000000,236000000,368000000,153000000,284000000,561000000,1047000000,2151000000,1865000000,1411000000,,,,,,,,,,,34000000,,,33000000,3000000,39000000,145000000,324000000,360000000,628000000,519000000,255000000,317000000,139000000,169000000,236000000,313000000,383000000,234000000,65000000,
Africa Western and Central,51000000,134000000,41000000,28000000,56000000,118000000,194000000,86000000,89000000,113000000,57000000,154000000,134000000,85000000,162000000,,441000000,303000000,427000000,415000000,707000000,608000000,853000000,225000000,671000000,610000000,373000000,215000000,158000000,204000000,144000000,,,,136000000,,,84000000,,,102000000,56000000,83000000,156000000,80000000,,100000000,180000000,163000000,223000000,321000000,252000000,221000000,336000000,565000000,266000000,208000000,154000000,153000000,186000000,218000000,435000000,226000000
Angola,,,,,,,,,,,,,,,1000000,241000000,181000000,105000000,146000000,111000000,153000000,241000000,379000000,574000000,479000000,528000000,703000000,1186000000,965000000,152000000,140000000,,,122000000,111000000,1000000,44000000,7000000,149000000,358000000,147000000,156000000,148000000,48000000,8000000,38000000,7000000,31000000,29000000,20000000,,,,30000000,2000000,49000000,152000000,110000000,272000000,169000000,51000000,,46000000
Albania,57000000,74000000,42000000,12000000,8000000,140000000,74000000,163000000,265000000,297000000,250000000,332000000,134000000,106000000,137000000,53000000,5000000,7000000,5000000,,,,,,,,,,,,,,,,,26000000,,,,,,,,2000000,,7000000,,5000000,,,,,15000000,7000000,7000000,7000000,,2000000,2000000,5000000,1000000,,
Andorra,,,,,,,,,,,,,,,,,,,,,,,,,,,,,,,,,,,,,,,,,,,,,,,,,,,,,,,,,,,,,,,
Arab World,525000000,789000000,1260000000,1238000000,1548000000,1955000000,3462000000,4682000000,3321000000,3783000000,4228000000,3855000000,6489000000,9242000000,8981000000,6460000000,5890000000,9612000000,11415000000,11328000000,11926000000,13648000000,16622000000,13932000000,12440000000,10704000000,10317000000,10024000000,5486000000,5762000000,6496000000,4398000000,3670000000,5290000000,4169000000,4759000000,5314000000,6082000000,4931000000,3457000000,2731000000,2128000000,2911000000,2381000000,4091000000,4451000000,4183000000,3248000000,4135000000,4094000000,5317000000,7439000000,5846000000,6922000000,7678000000,9910000000,12502000000,11944000000,9936000000,8424000000,6464000000,7360000000,10241000000
United Arab Emirates,,,,,,,,,13000000,13000000,69000000,24000000,26000000,88000000,100000000,153000000,283000000,304000000,217000000,18000000,204000000,429000000,160000000,164000000,312000000,144000000,137000000,199000000,42000000,666000000,564000000,238000000,201000000,578000000,565000000,421000000,480000000,686000000,753000000,436000000,245000000,183000000,221000000,681000000,1145000000,2070000000,1923000000,819000000,728000000,602000000,643000000,1236000000,1137000000,2281000000,733000000,1179000000,941000000,832000000,1136000000,810000000,564000000,508000000,681000000
Argentina,111000000,205000000,48000000,19000000,19000000,7000000,93000000,143000000,430000000,230000000,257000000,376000000,402000000,243000000,440000000,260000000,489000000,194000000,424000000,441000000,440000000,851000000,407000000,1316000000,727000000,485000000,219000000,217000000,71000000,14000000,159000000,,27000000,,209000000,43000000,28000000,105000000,171000000,276000000,207000000,6000000,15000000,11000000,161000000,3000000,9000000,24000000,21000000,15000000,11000000,15000000,5000000,13000000,6000000,21000000,17000000,45000000,17000000,49000000,7000000,77000000,39000000
Armenia,,,,,,,,,,,,,,,,,,,,,,,,,,,,,,,,,,2000000,181000000,47000000,70000000,,,2000000,,,,,118000000,,,1000000,,46000000,52000000,5000000,,16000000,,,110000000,18000000,,248000000,,32000000,27000000
American Samoa,,,,,,,,,,,,,,,,,,,,,,,,,,,,,,,,,,,,,,,,,,,,,,,,,,,,,,,,,,,,,,,
Antigua and Barbuda,,,,,,,,,,,,,,,,,,,,,,,,,,,,,,,,,,,,,,,,,,,,,,,,,,,,,,,,,,,,,,,0
Australia,113000000,40000000,571000000,378000000,537000000,920000000,707000000,770000000,450000000,818000000,230000000,313000000,63000000,716000000,898000000,108000000,91000000,278000000,1029000000,192000000,404000000,449000000,129000000,632000000,622000000,511000000,815000000,592000000,743000000,692000000,352000000,213000000,364000000,448000000,262000000,64000000,597000000,35000000,542000000,678000000,326000000,1217000000,643000000,782000000,464000000,463000000,731000000,681000000,444000000,791000000,1525000000,1527000000,819000000,219000000,883000000,1465000000,1026000000,1664000000,1582000000,1186000000,1655000000,1260000000,761000000
Austria,16000000,27000000,56000000,201000000,73000000,78000000,61000000,47000000,1000000,12000000,99000000,123000000,93000000,22000000,22000000,6000000,12000000,,8000000,72000000,195000000,73000000,97000000,145000000,13000000,28000000,19000000,7000000,117000000,84000000,5000000,6000000,5000000,8000000,38000000,22000000,9000000,182000000,228000000,48000000,25000000,15000000,81000000,41000000,56000000,26000000,5000000,269000000,190000000,286000000,7000000,8000000,8000000,6000000,2000000,1000000,13000000,10000000,6000000,17000000,13000000,34000000,4000000
Azerbaijan,,,,,,,,,,,,,,,,,,,,,,,,,,,,,,,,,,50000000,25000000,,,,,,3000000,,89000000,,4000000,53000000,159000000,213000000,33000000,145000000,157000000,560000000,378000000,385000000,621000000,328000000,274000000,290000000,365000000,44000000,37000000,,
Burundi,,,,,,,9000000,2000000,,3000000,,,,0,,,,,,,1000000,5000000,3000000,11000000,2000000,,,,,6000000,6000000,,,,,,,,,,,1000000,3000000,,,,,,,1000000,2000000,,5000000,,,1000000,3000000,,,2000000,,,
Belgium,92000000,132000000,188000000,573000000,648000000,512000000,106000000,39000000,220000000,240000000,514000000,499000000,492000000,580000000,113000000,130000000,184000000,187000000,412000000,792000000,577000000,521000000,438000000,583000000,575000000,287000000,91000000,91000000,407000000,203000000,314000000,125000000,48000000,73000000,47000000,16000000,3000000,50000000,55000000,58000000,35000000,29000000,48000000,21000000,15000000,3000000,15000000,171000000,191000000,86000000,35000000,23000000,29000000,45000000,100000000,55000000,4000000,7000000,1000000,9000000,90000000,255000000,158000000
Benin,,2000000,1000000,,2000000,,1000000,,,,0,2000000,,1000000,,,,,26000000,6000000,,,10000000,3000000,1000000,3000000,,1000000,0,0,,,,,,,1000000,,,,,,7000000,,,,,3000000,,1000000,0,0,20000000,2000000,,,1000000,,,,1000000,,1000000
Burkina Faso,,1000000,,,1000000,0,0,,0,1000000,1000000,1000000,,,,14000000,8000000,9000000,,,0,9000000,1000000,16000000,9000000,2000000,3000000,,12000000,,,2000000,,7000000,,,,,,0,,,,,,12000000,4000000,4000000,,3000000,0,15000000,3000000,,,5000000,7000000,2000000,23000000,7000000,2000000,28000000,1000000
Bangladesh,,,,,,,,,,,,10000000,2000000,76000000,44000000,39000000,70000000,62000000,45000000,1000000,55000000,62000000,128000000,109000000,59000000,81000000,4000000,1000000,242000000,302000000,188000000,79000000,113000000,47000000,61000000,119000000,7000000,26000000,1000000,186000000,203000000,279000000,33000000,8000000,32000000,10000000,221000000,88000000,12000000,,36000000,117000000,184000000,650000000,203000000,636000000,449000000,331000000,155000000,714000000,59000000,73000000,184000000
Bulgaria,474000000,523000000,494000000,538000000,326000000,372000000,218000000,329000000,250000000,526000000,764000000,400000000,471000000,292000000,302000000,390000000,368000000,492000000,876000000,323000000,580000000,984000000,610000000,764000000,943000000,600000000,920000000,437000000,246000000,336000000,759000000,340000000,42000000,1000000,1000000,1000000,122000000,,,7000000,,,,2000000,12000000,132000000,22000000,48000000,117000000,119000000,8000000,29000000,5000000,,,5000000,,,,2000000,44000000,1000000,4000000
Bahrain,,,,,,,,,,,,0,7000000,0,1000000,,,2000000,12000000,10000000,22000000,40000000,55000000,10000000,131000000,55000000,134000000,250000000,136000000,71000000,362000000,68000000,42000000,1000000,8000000,71000000,51000000,198000000,8000000,,299000000,28000000,54000000,1000000,10000000,66000000,63000000,27000000,21000000,,100000000,4000000,24000000,69000000,1000000,17000000,25000000,27000000,72000000,17000000,27000000,183000000,364000000
"Bahamas, The",,,,,,,,,,,,,,,,,,,11000000,,,,,,,,33000000,,,,2000000,3000000,,,,,,,,,33000000,,,,,3000000,,,,1000000,,,,,30000000,16000000,20000000,12000000,,,,,
Bosnia and Herzegovina,,,,,,,,,,,,,,,,,,,,,,,,,,,,,,,,,,6000000,6000000,,58000000,76000000,2000000,25000000,,,,,,,,,,,,,,,,,,0,,0,0,12000000,
Belarus,,,,,,,,,,,,,,,,,,,,,,,,,,,,,,,,,,,,,,,41000000,41000000,,,,,,6000000,140000000,,,3000000,,75000000,75000000,75000000,66000000,98000000,117000000,147000000,142000000,333000000,13000000,69000000,225000000
Belize,,,,,,,,,,,,,,,,,,,,,,,,,0,,,,,,,,,,,,0,,,,1000000,,,,,,,,,,,,,,,,2000000,,,,,,
Bermuda,,,,,,,,,,,,,,,,,,,,,,,,,,,,,,,,,,,,,,,,,,,,,,,,,,,,,,,,,,,,,,,
Bolivia,6000000,4000000,2000000,4000000,2000000,2000000,1000000,14000000,17000000,1000000,2000000,2000000,12000000,16000000,23000000,17000000,16000000,1000000,11000000,52000000,39000000,28000000,2000000,,,18000000,15000000,,56000000,66000000,,11000000,25000000,16000000,9000000,2000000,,,,9000000,19000000,,,5000000,1000000,1000000,9000000,2000000,3000000,5000000,1000000,25000000,12000000,1000000,46000000,,27000000,7000000,1000000,34000000,26000000,,
Brazil,236000000,212000000,62000000,128000000,25000000,150000000,57000000,218000000,236000000,110000000,219000000,179000000,518000000,598000000,256000000,539000000,571000000,545000000,872000000,394000000,356000000,61000000,72000000,87000000,119000000,83000000,135000000,230000000,125000000,738000000,136000000,168000000,84000000,49000000,306000000,239000000,536000000,465000000,232000000,376000000,137000000,631000000,223000000,110000000,85000000,223000000,178000000,188000000,178000000,135000000,256000000,239000000,319000000,223000000,205000000,217000000,111000000,94000000,262000000,139000000,140000000,247000000,472000000
Barbados,,,,,,,,,,,,,,,,,,,,,,9000000,,,1000000,,,,,,,,,,,,,,,,,,,,,,,10000000,10000000,10000000,,,,,,,,,,,,,
Brunei Darussalam,,,,,,5000000,1000000,18000000,1000000,,5000000,18000000,2000000,1000000,15000000,1000000,0,,46000000,64000000,,8000000,12000000,85000000,60000000,,13000000,,,,4000000,4000000,,,,,17000000,31000000,7000000,4000000,,5000000,1000000,0,0,1000000,1000000,,,33000000,33000000,229000000,20000000,15000000,121000000,36000000,,,,,,0,
Bhutan,,,,,,,,,1000000,,,,,,,,,,,,,,,,,,,,,,,,,,,,,,,,,,,,0,,,,,,,,,,,1000000,1000000,,,,,4000000,
Botswana,,,,,,,,,,,,,,,,,,1000000,1000000,7000000,2000000,11000000,,,,4000000,,26000000,40000000,4000000,22000000,2000000,2000000,11000000,,11000000,32000000,71000000,2000000,,53000000,15000000,1000000,10000000,9000000,,,,,10000000,10000000,,6000000,8000000,,,5000000,,5000000,8000000,85000000,32000000,13000000
Central African Republic,,2000000,,,,1000000,2000000,,3000000,,,2000000,,0,,,,,0,,0,1000000,2000000,6000000,1000000,6000000,,,2000000,,,,1000000,,,,,,,,,,,,,,9000000,,0,,,7000000,,,,,,,2000000,,1000000,1000000,
Canada,171000000,1576000000,1219000000,1009000000,740000000,563000000,306000000,237000000,336000000,516000000,623000000,455000000,376000000,78000000,224000000,195000000,53000000,90000000,130000000,190000000,441000000,452000000,276000000,649000000,646000000,848000000,810000000,787000000,712000000,37000000,150000000,752000000,407000000,196000000,473000000,405000000,419000000,351000000,115000000,192000000,576000000,538000000,436000000,153000000,353000000,118000000,113000000,481000000,423000000,104000000,241000000,356000000,207000000,202000000,316000000,408000000,252000000,369000000,184000000,178000000,220000000,256000000,155000000
Central Europe and the Baltics,2039000000,1974000000,1655000000,2142000000,3055000000,2711000000,1749000000,1806000000,1972000000,2304000000,2143000000,2033000000,1941000000,2268000000,2603000000,2494000000,1826000000,2159000000,2946000000,2578000000,2577000000,2409000000,1959000000,1750000000,1952000000,2081000000,2837000000,1757000000,1374000000,1175000000,1606000000,504000000,436000000,1170000000,226000000,521000000,521000000,229000000,241000000,275000000,234000000,255000000,367000000,540000000,691000000,1315000000,889000000,1411000000,1056000000,479000000,411000000,401000000,304000000,280000000,302000000,212000000,,351000000,208000000,404000000,597000000,482000000,1063000000
Switzerland,219000000,37000000,4000000,52000000,263000000,228000000,373000000,177000000,199000000,166000000,141000000,147000000,185000000,115000000,63000000,136000000,142000000,4000000,217000000,226000000,272000000,289000000,175000000,442000000,404000000,341000000,108000000,151000000,179000000,318000000,438000000,474000000,386000000,102000000,118000000,93000000,187000000,379000000,435000000,506000000,22000000,67000000,62000000,117000000,203000000,168000000,83000000,108000000,17000000,39000000,48000000,32000000,10000000,6000000,5000000,12000000,73000000,34000000,10000000,10000000,10000000,10000000,
Channel Islands,,,,,,,,,,,,,,,,,,,,,,,,,,,,,,,,,,,,,,,,,,,,,,,,,,,,,,,,,,,,,,,
Chile,304000000,38000000,19000000,127000000,34000000,57000000,74000000,150000000,70000000,21000000,57000000,198000000,51000000,278000000,292000000,184000000,415000000,58000000,157000000,138000000,147000000,148000000,343000000,140000000,448000000,8000000,171000000,154000000,84000000,140000000,135000000,109000000,170000000,85000000,81000000,332000000,164000000,285000000,88000000,207000000,226000000,60000000,74000000,187000000,70000000,446000000,1093000000,655000000,391000000,328000000,473000000,327000000,62000000,55000000,140000000,145000000,40000000,49000000,73000000,33000000,295000000,57000000,212000000
China,2431000000,936000000,307000000,450000000,395000000,212000000,227000000,145000000,182000000,2000000,2000000,2000000,2000000,3000000,3000000,3000000,3000000,75000000,86000000,10000000,6000000,2000000,13000000,25000000,71000000,113000000,20000000,56000000,104000000,199000000,306000000,477000000,1211000000,1243000000,320000000,716000000,1511000000,945000000,401000000,1746000000,2517000000,2805000000,2865000000,2325000000,3225000000,3481000000,2840000000,1642000000,1808000000,1403000000,942000000,1054000000,1573000000,1293000000,1082000000,1231000000,1143000000,1306000000,2119000000,1503000000,884000000,981000000,807000000
Cote d'Ivoire,,3000000,1000000,1000000,,,2000000,3000000,26000000,2000000,7000000,17000000,1000000,,18000000,,,22000000,16000000,38000000,55000000,18000000,,,9000000,,,,,2000000,,,0,,,2000000,,0,,2000000,0,,31000000,61000000,9000000,,,,,,,,,,6000000,5000000,5000000,14000000,9000000,15000000,3000000,10000000,16000000
Cameroon,,0,,2000000,0,2000000,2000000,3000000,3000000,,,8000000,1000000,12000000,,,29000000,73000000,,1000000,,28000000,113000000,5000000,126000000,16000000,11000000,5000000,1000000,3000000,8000000,,3000000,,,,4000000,6000000,9000000,4000000,,6000000,10000000,,,5000000,2000000,,1000000,,10000000,,9000000,139000000,122000000,9000000,20000000,8000000,2000000,4000000,0,3000000,2000000
"Congo, Dem. Rep.",2000000,9000000,13000000,32000000,83000000,31000000,26000000,16000000,7000000,28000000,19000000,165000000,15000000,5000000,9000000,445000000,132000000,31000000,38000000,15000000,10000000,12000000,15000000,5000000,16000000,1000000,1000000,36000000,1000000,,5000000,,2000000,,,0,61000000,6000000,10000000,46000000,88000000,11000000,18000000,,,26000000,24000000,,18000000,37000000,151000000,,10000000,1000000,,3000000,43000000,,1000000,,6000000,,1000000
"Congo, Rep.",1000000,1000000,,0,,0,,,1000000,24000000,9000000,27000000,2000000,,7000000,2000000,2000000,,35000000,25000000,17000000,3000000,11000000,25000000,25000000,3000000,,,28000000,44000000,44000000,18000000,,,,,,27000000,0,1000000,0,,,8000000,7000000,4000000,1000000,0,,4000000,28000000,5000000,23000000,33000000,6000000,2000000,,,0,3000000,,3000000,
Colombia,5000000,62000000,3000000,29000000,9000000,18000000,32000000,15000000,32000000,121000000,4000000,36000000,167000000,159000000,1000000,287000000,10000000,8000000,12000000,36000000,12000000,28000000,18000000,303000000,662000000,7000000,6000000,4000000,37000000,218000000,13000000,72000000,36000000,68000000,42000000,35000000,49000000,190000000,162000000,44000000,60000000,268000000,170000000,145000000,18000000,18000000,54000000,226000000,109000000,249000000,261000000,145000000,207000000,171000000,167000000,193000000,18000000,91000000,16000000,22000000,77000000,44000000,44000000
Comoros,,,,,,,,,,,,,,,,,1000000,1000000,,,,,,,,,,1000000,,,,,,,,,,,,,,,,,,,,,6000000,,,,1000000,,,,,,,,,,
Cabo Verde,,,,,,,,,,,,,,,,,2000000,,,18000000,,,26000000,,,,,,,,,,7000000,,,,,,9000000,,1000000,,,,,,,,,2000000,,,10000000,,,,,,,3000000,,,
Costa Rica,,,,1000000,,,0,,,,,,,1000000,,3000000,,,6000000,2000000,0,,,,0,1000000,1000000,,,2000000,,,,3000000,,,,,,,,,,,,,,,,,,,,,,,,,0,8000000,,,
Caribbean small states,,,,,,,,,,,,,,,,,,,,,,,,,,,,,,,,,,,,,,,,,,,,,,,,,,,,,,,,,,,,,,,
Cuba,153000000,523000000,1320000000,283000000,247000000,130000000,232000000,162000000,155000000,155000000,155000000,162000000,452000000,420000000,408000000,200000000,316000000,609000000,503000000,410000000,349000000,964000000,964000000,770000000,426000000,352000000,281000000,73000000,167000000,94000000,169000000,159000000,,,,,,,,,,,,,8000000,,,,,,,,,,,,,,,,,,
Curacao,,,,,,,,,,,,,,,,,,,,,,,,,,,,,,,,,,,,,,,,,,,,,,,,,,,,,,,,,,,,,,,
Cayman Islands,,,,,,,,,,,,,,,,,,,,,,,,,,,,,,,,,,,,,,,,,,,,,,,,,,,,,,,,,,,,,,,
Cyprus,,,,,18000000,22000000,,,,,,,,9000000,,,,,,,,,5000000,19000000,24000000,33000000,40000000,34000000,124000000,28000000,70000000,83000000,26000000,10000000,39000000,33000000,170000000,98000000,7000000,113000000,4000000,180000000,66000000,6000000,16000000,18000000,20000000,17000000,,,44000000,41000000,6000000,,,,,30000000,,19000000,30000000,11000000,
Czechia,,,,,,,,,,,,,,,,,,,,,,,,,,,,,,,,,,,,1000000,25000000,6000000,0,1000000,13000000,57000000,42000000,94000000,6000000,592000000,46000000,10000000,25000000,6000000,13000000,71000000,22000000,15000000,,0,,,7000000,1000000,9000000,33000000,69000000
Germany,2054000000,2039000000,2478000000,3297000000,3723000000,3323000000,3211000000,1351000000,1218000000,1243000000,1407000000,2404000000,853000000,1742000000,2132000000,1835000000,1387000000,1042000000,691000000,65000000,150000000,261000000,453000000,434000000,412000000,130000000,310000000,320000000,429000000,707000000,716000000,694000000,685000000,535000000,423000000,228000000,246000000,60000000,543000000,129000000,113000000,133000000,71000000,63000000,237000000,199000000,406000000,71000000,278000000,331000000,282000000,84000000,131000000,113000000,95000000,96000000,55000000,43000000,14000000,38000000,53000000,192000000,182000000
Djibouti,,,,,,,,,,,,,,,,,,3000000,6000000,36000000,5000000,2000000,3000000,3000000,,1000000,8000000,1000000,,,,1000000,19000000,5000000,,2000000,,,,,1000000,,3000000,,4000000,7000000,,,,,,,6000000,5000000,15000000,1000000,10000000,,,8000000,1000000,45000000,17000000
Dominica,,,,,,,,,,,,,,,,,,,,,,,,,,,,,,,,,,,,,,,,,,,,,,,,,,,,,,,,,,,,,,,
Denmark,139000000,335000000,58000000,134000000,482000000,449000000,66000000,72000000,71000000,19000000,312000000,362000000,111000000,,39000000,149000000,356000000,368000000,362000000,57000000,483000000,479000000,473000000,231000000,72000000,89000000,16000000,99000000,98000000,187000000,128000000,154000000,72000000,51000000,88000000,134000000,75000000,77000000,116000000,70000000,50000000,146000000,40000000,50000000,232000000,116000000,84000000,133000000,93000000,130000000,17000000,,101000000,38000000,165000000,42000000,101000000,52000000,49000000,43000000,62000000,303000000,145000000
Dominican Republic,19000000,11000000,0,7000000,5000000,10000000,9000000,1000000,1000000,0,1000000,2000000,7000000,0,,2000000,12000000,,,,9000000,5000000,31000000,,25000000,2000000,0,,3000000,,,,,,,,4000000,,6000000,1000000,13000000,5000000,0,8000000,35000000,2000000,,,,10000000,50000000,12000000,,,,1000000,0,,,,4000000,,5000000
Algeria,,7000000,61000000,85000000,177000000,350000000,437000000,524000000,57000000,79000000,14000000,14000000,180000000,110000000,13000000,56000000,130000000,1048000000,1264000000,1823000000,1342000000,1386000000,1357000000,697000000,656000000,368000000,146000000,367000000,319000000,455000000,733000000,1035000000,23000000,22000000,186000000,299000000,83000000,37000000,98000000,370000000,402000000,539000000,249000000,195000000,242000000,159000000,340000000,507000000,1517000000,1070000000,831000000,1132000000,660000000,361000000,710000000,894000000,2911000000,1133000000,1282000000,167000000,675000000,237000000,158000000
East Asia & Pacific (excluding high income),3484000000,2040000000,1808000000,1260000000,1741000000,1669000000,2596000000,2510000000,2884000000,1798000000,2198000000,,,,2201000000,1752000000,1563000000,1111000000,1351000000,2623000000,3031000000,2706000000,1768000000,2545000000,2149000000,2309000000,2107000000,1916000000,2030000000,1676000000,1535000000,1592000000,1923000000,2138000000,2003000000,3056000000,3128000000,3032000000,1073000000,3315000000,2821000000,3258000000,3462000000,3145000000,4023000000,4090000000,3444000000,2968000000,2868000000,3359000000,1736000000,3335000000,3449000000,3350000000,3784000000,3300000000,3553000000,4221000000,4115000000,2697000000,1989000000,2292000000,1907000000
Early-demographic dividend,2728000000,,3550000000,3866000000,4593000000,4800000000,6540000000,7515000000,7931000000,9074000000,8294000000,11332000000,12957000000,15418000000,15572000000,15470000000,15334000000,20811000000,19493000000,14898000000,17006000000,19368000000,20026000000,17203000000,13868000000,12959000000,15824000000,15878000000,11736000000,10179000000,11238000000,10560000000,8566000000,10755000000,9678000000,8181000000,7464000000,10066000000,10394000000,9359000000,6234000000,5349000000,7086000000,6369000000,7724000000,6496000000,7507000000,9420000000,8642000000,7973000000,10493000000,12136000000,12301000000,14183000000,12690000000,13452000000,15462000000,15099000000,11787000000,12332000000,10342000000,11235000000,10148000000
East Asia & Pacific,5192000000,2817000000,2886000000,2385000000,4626000000,4868000000,4939000000,4514000000,4605000000,4361000000,4015000000,5437000000,3884000000,4951000000,5235000000,4830000000,4611000000,4554000000,4719000000,6103000000,6341000000,6380000000,5082000000,6533000000,5972000000,6346000000,6769000000,6105000000,7251000000,7123000000,6813000000,6745000000,6246000000,7094000000,5364000000,7955000000,8196000000,10832000000,9273000000,9226000000,6409000000,6308000000,5547000000,5489000000,6721000000,6972000000,6875000000,6375000000,7112000000,7485000000,6355000000,8046000000,6784000000,5471000000,7065000000,6260000000,6695000000,8177000000,8265000000,6906000000,6222000000,5588000000,5025000000
Europe & Central Asia (excluding high income),650000000,386000000,308000000,594000000,843000000,552000000,409000000,756000000,691000000,941000000,646000000,1273000000,1229000000,895000000,1416000000,694000000,365000000,302000000,989000000,917000000,487000000,731000000,483000000,477000000,549000000,678000000,472000000,1429000000,1628000000,1017000000,1241000000,1279000000,1891000000,2393000000,,1753000000,,,2714000000,1978000000,1328000000,,,,489000000,1297000000,984000000,,,1072000000,807000000,1700000000,2151000000,1470000000,2393000000,1619000000,1612000000,1316000000,1547000000,1898000000,620000000,1032000000,3445000000
Europe & Central Asia,7433000000,6688000000,6811000000,10168000000,14045000000,11576000000,8738000000,8675000000,8419000000,10249000000,7935000000,10442000000,9340000000,8434000000,9512000000,9860000000,8218000000,7180000000,9643000000,8178000000,8725000000,9233000000,8389000000,7865000000,7277000000,6223000000,6974000000,6521000000,8492000000,7977000000,7358000000,7791000000,8678000000,7738000000,7243000000,5427000000,5557000000,5877000000,8417000000,6104000000,5178000000,4712000000,3843000000,5478000000,4445000000,4517000000,5691000000,7942000000,5314000000,5722000000,4588000000,4445000000,4701000000,3876000000,4250000000,4298000000,4327000000,4347000000,3868000000,4255000000,3918000000,5182000000,8744000000
Ecuador,66000000,,,3000000,3000000,29000000,9000000,21000000,5000000,1000000,5000000,85000000,41000000,15000000,22000000,40000000,225000000,571000000,192000000,110000000,296000000,152000000,257000000,388000000,349000000,23000000,25000000,40000000,26000000,20000000,3000000,136000000,4000000,18000000,13000000,44000000,29000000,99000000,31000000,16000000,,10000000,1000000,,15000000,47000000,47000000,2000000,102000000,77000000,89000000,68000000,88000000,11000000,53000000,27000000,26000000,20000000,5000000,3000000,21000000,14000000,1000000
"Egypt, Arab Rep.",143000000,544000000,686000000,737000000,843000000,950000000,1533000000,2238000000,1269000000,1235000000,1674000000,1984000000,3256000000,2556000000,1077000000,565000000,159000000,410000000,135000000,630000000,1001000000,1176000000,2493000000,1692000000,1511000000,974000000,1486000000,1648000000,427000000,297000000,563000000,887000000,973000000,1257000000,2020000000,1703000000,969000000,1040000000,482000000,517000000,834000000,829000000,718000000,632000000,653000000,799000000,724000000,692000000,335000000,161000000,688000000,632000000,283000000,678000000,430000000,1444000000,1643000000,2340000000,1638000000,1157000000,1403000000,1287000000,701000000
Euro area,3963000000,3670000000,4554000000,6556000000,8621000000,6799000000,4874000000,3421000000,2660000000,3568000000,4366000000,6273000000,5419000000,4628000000,4761000000,5682000000,5029000000,3964000000,4736000000,3885000000,3862000000,3636000000,3915000000,4059000000,3237000000,2473000000,2983000000,2538000000,4498000000,4299000000,3362000000,4066000000,4528000000,3228000000,3958000000,2512000000,2420000000,2741000000,3736000000,2793000000,2210000000,1946000000,1552000000,3646000000,2659000000,1555000000,2668000000,3620000000,2289000000,3110000000,2713000000,1149000000,1106000000,1385000000,950000000,1763000000,1688000000,1253000000,1022000000,1253000000,1703000000,2007000000,2208000000
Eritrea,,,,,,,,,,,,,,,,,,,,,,,,,,,,,,,,,,21000000,18000000,7000000,41000000,53000000,214000000,31000000,20000000,57000000,18000000,17000000,80000000,98000000,,4000000,,,,,,,,,,,,,,,
Spain,214000000,103000000,55000000,14000000,51000000,382000000,302000000,303000000,133000000,183000000,233000000,617000000,767000000,906000000,583000000,1185000000,831000000,321000000,446000000,656000000,688000000,630000000,507000000,604000000,81000000,327000000,1089000000,1091000000,1942000000,840000000,699000000,109000000,207000000,299000000,853000000,355000000,424000000,211000000,86000000,361000000,320000000,144000000,271000000,249000000,305000000,358000000,312000000,343000000,347000000,228000000,272000000,166000000,219000000,155000000,108000000,152000000,104000000,82000000,149000000,35000000,71000000,135000000,173000000
Estonia,,,,,,,,,,,,,,,,,,,,,,,,,,,,,,,,,2000000,3000000,15000000,17000000,1000000,12000000,4000000,1000000,27000000,,1000000,13000000,8000000,18000000,4000000,18000000,28000000,42000000,13000000,1000000,2000000,18000000,2000000,18000000,29000000,33000000,17000000,18000000,25000000,18000000,17000000
Ethiopia,24000000,4000000,21000000,27000000,4000000,14000000,99000000,31000000,34000000,24000000,89000000,54000000,53000000,5000000,16000000,58000000,135000000,1107000000,965000000,113000000,330000000,328000000,516000000,353000000,273000000,247000000,348000000,239000000,155000000,47000000,2000000,80000000,,,,,,69000000,211000000,155000000,117000000,,20000000,174000000,239000000,,,,,,54000000,76000000,193000000,154000000,33000000,10000000,55000000,51000000,12000000,74000000,24000000,11000000,35000000
European Union,6373000000,6138000000,6401000000,9156000000,12561000000,10276000000,6983000000,5638000000,4925000000,6048000000,6943000000,8765000000,7641000000,7127000000,7659000000,8617000000,7425000000,6591000000,8242000000,6769000000,7169000000,6978000000,6518000000,6219000000,5354000000,4727000000,5980000000,4536000000,6096000000,5766000000,5190000000,4776000000,4987000000,4279000000,4459000000,3007000000,3037000000,3181000000,4364000000,3333000000,2662000000,2385000000,1985000000,4222000000,3536000000,3025000000,3692000000,5121000000,3289000000,3633000000,3056000000,1665000000,1685000000,1656000000,1424000000,1998000000,2097000000,1558000000,1204000000,1599000000,2208000000,2742000000,3568000000
Fragile and conflict affected situations,382000000,295000000,510000000,510000000,590000000,618000000,1572000000,2001000000,1532000000,1847000000,2169000000,2163000000,3303000000,6527000000,7290000000,5762000000,4704000000,6891000000,9210000000,7488000000,8866000000,9586000000,10688000000,8265000000,8956000000,8094000000,6319000000,6278000000,4755000000,4871000000,4116000000,2629000000,522000000,,,,,,,,,,,,,,,1546000000,2012000000,1676000000,2524000000,3441000000,3140000000,3129000000,1864000000,2487000000,2748000000,1699000000,1467000000,1036000000,888000000,685000000,3300000000
Finland,54000000,65000000,38000000,237000000,77000000,81000000,42000000,76000000,23000000,21000000,15000000,4000000,26000000,13000000,172000000,127000000,90000000,30000000,105000000,47000000,328000000,119000000,132000000,112000000,127000000,206000000,100000000,69000000,144000000,85000000,90000000,64000000,442000000,406000000,252000000,195000000,552000000,397000000,560000000,768000000,472000000,7000000,16000000,242000000,67000000,93000000,132000000,141000000,135000000,42000000,52000000,60000000,79000000,298000000,198000000,293000000,161000000,47000000,87000000,86000000,53000000,53000000,34000000
Fiji,,,,,,,,,,,,,,,,8000000,4000000,,,,,,,,,,,,,,1000000,,3000000,,6000000,12000000,,,,,,,,,,,,,,,,,,,,,,1000000,,,7000000,,
France,526000000,321000000,122000000,162000000,1300000000,378000000,106000000,98000000,123000000,64000000,44000000,57000000,33000000,51000000,46000000,45000000,196000000,204000000,241000000,107000000,70000000,106000000,142000000,108000000,73000000,20000000,100000000,84000000,133000000,107000000,65000000,948000000,424000000,96000000,80000000,97000000,64000000,223000000,171000000,105000000,98000000,61000000,38000000,55000000,93000000,2000000,68000000,75000000,4000000,74000000,106000000,43000000,87000000,107000000,17000000,44000000,47000000,85000000,193000000,94000000,215000000,41000000,22000000
Faroe Islands,,,,,,,,,,,,,,,,,,,,,,,,,,,,,,,,,,,,,,,,,,,,,,,,,,,,,,,,,,,,,,,
"Micronesia, Fed. Sts.",,,,,,,,,,,,,,,,,,,,,,,,,,,,,,2000000,14000000,,,,,,,6000000,,,,,,,,,,,,,,,,,,,,,,,,,7000000
Gabon,,3000000,,,3000000,0,2000000,,4000000,4000000,1000000,24000000,,2000000,11000000,34000000,47000000,28000000,77000000,,33000000,36000000,5000000,11000000,98000000,2000000,7000000,10000000,22000000,10000000,29000000,,,,,,,,,,,,,,6000000,,20000000,18000000,,,27000000,5000000,1000000,2000000,,5000000,3000000,,,26000000,,2000000,
United Kingdom,26000000,34000000,38000000,139000000,118000000,152000000,216000000,1422000000,2288000000,2570000000,60000000,171000000,217000000,234000000,319000000,337000000,251000000,256000000,179000000,219000000,544000000,800000000,756000000,286000000,633000000,355000000,273000000,207000000,281000000,209000000,120000000,940000000,1134000000,783000000,411000000,496000000,568000000,496000000,752000000,132000000,937000000,1282000000,720000000,769000000,215000000,31000000,375000000,868000000,570000000,399000000,502000000,389000000,595000000,509000000,217000000,423000000,282000000,1002000000,518000000,342000000,652000000,878000000,799000000
Georgia,,,,,,,,,,,,,,,,,,,,,,,,,,,,,,,,,,4000000,,,,4000000,28000000,23000000,6000000,85000000,,1000000,37000000,92000000,97000000,161000000,132000000,38000000,,2000000,,5000000,1000000,,,7000000,41000000,6000000,,,2000000
Ghana,12000000,107000000,20000000,6000000,40000000,40000000,24000000,1000000,,,,,12000000,8000000,19000000,28000000,39000000,,18000000,7000000,38000000,48000000,,,,5000000,,13000000,,2000000,4000000,1000000,,,11000000,,7000000,5000000,,7000000,1000000,12000000,1000000,6000000,35000000,0,0,16000000,,11000000,2000000,76000000,39000000,50000000,14000000,13000000,22000000,,0,2000000,10000000,,4000000
Gibraltar,,,,,,,,,,,,,,,,,,,,,,,,,,,,,,,,,,,,,,,,,,,,,,,,,,,,,,,,,,,,,,,
Guinea,33000000,0,,0,0,17000000,,6000000,,0,1000000,4000000,4000000,18000000,24000000,2000000,18000000,8000000,45000000,69000000,,1000000,1000000,1000000,,,39000000,,,40000000,1000000,1000000,,,,,,,4000000,,18000000,6000000,,2000000,,1000000,,0,,,5000000,1000000,4000000,,5000000,,,2000000,1000000,4000000,,1000000,
"Gambia, The",,,,,,,,,,0,,,,,,,,,,,,3000000,,,,,,,,12000000,,,,,,,,,,,,,,,5000000,,,,,16000000,,,,,,,,,,,,,
Guinea-Bissau,,,,,,,,,,,,,,,21000000,10000000,12000000,,14000000,24000000,2000000,1000000,,,11000000,,35000000,,20000000,,20000000,6000000,,5000000,,,,,,,,,,,,,,,,,,,,,,,,,,,,,
Equatorial Guinea,,,,,,,,,,,,,,,,,,,4000000,,1000000,,5000000,,,,,,,,,,,,,,,,,3000000,,7000000,,,7000000,11000000,7000000,28000000,30000000,68000000,3000000,56000000,60000000,2000000,92000000,,,,18000000,,,0,
Greece,264000000,82000000,330000000,98000000,631000000,488000000,213000000,376000000,107000000,305000000,304000000,581000000,689000000,246000000,418000000,912000000,1288000000,980000000,1281000000,739000000,677000000,971000000,463000000,403000000,366000000,189000000,202000000,36000000,526000000,1220000000,907000000,487000000,2129000000,894000000,1212000000,871000000,380000000,807000000,1719000000,842000000,709000000,787000000,401000000,2163000000,1098000000,407000000,720000000,1668000000,482000000,1220000000,630000000,70000000,19000000,28000000,204000000,728000000,302000000,51000000,39000000,93000000,101000000,246000000,493000000
Grenada,,,,,,,,,,,,,,,,,,,,,,,1000000,,,,,,,,,,,,,,,,,,,,,,,,,,,,,,,,,,,,,,,,
Greenland,,,,,,,,,,,,,,,,,,,,,,,,,,,,,,,,,,,,,,,,,,,,,,,,,,,,,,,,,,,,,,,
Guatemala,16000000,,1000000,7000000,8000000,5000000,,1000000,16000000,1000000,,46000000,1000000,0,15000000,47000000,15000000,1000000,1000000,5000000,8000000,47000000,16000000,1000000,7000000,25000000,2000000,0,0,4000000,0,0,,13000000,4000000,4000000,2000000,,1000000,,,,,,,,,,0,,,,2000000,,,33000000,,,4000000,14000000,,,4000000
Guam,,,,,,,,,,,,,,,,,,,,,,,,,,,,,,,,,,,,,,,,,,,,,,,,,,,,,,,,,,,,,,,
Guyana,,,,,,,,,0,,,2000000,,,2000000,0,15000000,5000000,1000000,5000000,4000000,14000000,,3000000,7000000,23000000,,,,,,,,,,,,,,,,7000000,2000000,,,,,,0,,,,,,,,,,0,2000000,,5000000,
High income,9429000000,9030000000,9486000000,12600000000,17658000000,15563000000,11723000000,10905000000,11493000000,14447000000,11221000000,13986000000,11967000000,12927000000,13964000000,15593000000,15182000000,14178000000,15870000000,13101000000,15253000000,17506000000,15899000000,16262000000,14540000000,13678000000,17121000000,15892000000,16361000000,16816000000,15528000000,16165000000,15866000000,15924000000,12447000000,12827000000,14191000000,17861000000,19688000000,14133000000,9920000000,8437000000,7175000000,9469000000,10833000000,10850000000,13603000000,14411000000,12485000000,12204000000,12296000000,11990000000,10105000000,10359000000,11744000000,13067000000,12700000000,14796000000,13073000000,14688000000,13310000000,14560000000,19421000000
"Hong Kong SAR, China",,,,,,,,,,,,,,,,,,,,,,,,,,,,,,,,,,,,,,,,,,,,,,,,,,,,,,,,,,,,,,,
Honduras,,,14000000,,,1000000,6000000,,,19000000,,,,2000000,,31000000,30000000,25000000,29000000,9000000,13000000,27000000,30000000,33000000,25000000,35000000,75000000,13000000,44000000,17000000,,,,,,,,,,,,,,,,,,,0,,,0,0,20000000,13000000,8000000,,10000000,1000000,23000000,0,4000000,
Heavily indebted poor countries (HIPC),150000000,231000000,183000000,150000000,252000000,264000000,486000000,425000000,286000000,447000000,777000000,,,461000000,,1123000000,1214000000,1766000000,2421000000,1342000000,1371000000,1834000000,1386000000,983000000,1310000000,818000000,,,,2526000000,,,,,,,,,,,,,,,,,,,,,,1578000000,1354000000,1030000000,776000000,442000000,759000000,,477000000,798000000,482000000,,
Croatia,,,,,,,,,,,,,,,,,,,,,,,,,,,,,,,,1000000,27000000,27000000,53000000,1000000,12000000,41000000,,,,57000000,2000000,24000000,8000000,,,19000000,99000000,4000000,11000000,19000000,19000000,,27000000,11000000,20000000,13000000,2000000,5000000,,,29000000
Haiti,6000000,,,,1000000,,,,,8000000,,,,3000000,4000000,1000000,1000000,0,9000000,,,3000000,4000000,3000000,,10000000,,,,,,,,,,,,,,,,,,,,,,,,,,,,,,,,,,,,,
Hungary,599000000,575000000,292000000,376000000,747000000,667000000,150000000,290000000,271000000,447000000,22000000,237000000,121000000,393000000,554000000,495000000,378000000,394000000,660000000,485000000,384000000,143000000,179000000,173000000,307000000,229000000,80000000,77000000,37000000,65000000,14000000,22000000,,935000000,2000000,1000000,156000000,99000000,45000000,71000000,14000000,14000000,,,72000000,13000000,253000000,196000000,5000000,4000000,18000000,8000000,,2000000,7000000,,14000000,5000000,27000000,16000000,55000000,19000000,59000000
IBRD only,7286000000,,5580000000,6220000000,7605000000,7815000000,8706000000,10090000000,9557000000,9756000000,10119000000,12937000000,14561000000,16459000000,15808000000,16909000000,16303000000,20467000000,20756000000,17410000000,18660000000,21313000000,20784000000,19440000000,19201000000,16067000000,16854000000,17465000000,13384000000,11236000000,10350000000,8918000000,7693000000,8192000000,9123000000,9401000000,8791000000,9921000000,6726000000,9350000000,8399000000,8791000000,9152000000,8514000000,9146000000,10134000000,11020000000,12526000000,10926000000,10196000000,9951000000,14319000000,14461000000,13581000000,13761000000,13326000000,16408000000,14797000000,12597000000,10338000000,8946000000,10106000000,10921000000
IDA & IBRD total,7522000000,,5931000000,6703000000,8064000000,8510000000,10525000000,11658000000,11127000000,11707000000,12240000000,15189000000,17450000000,20594000000,20277000000,20331000000,18555000000,23807000000,25205000000,21684000000,23488000000,25553000000,25693000000,23748000000,23778000000,20046000000,20038000000,21268000000,16946000000,15866000000,14517000000,12028000000,8653000000,9829000000,10550000000,10466000000,9874000000,11364000000,8292000000,11136000000,9726000000,10174000000,10864000000,10065000000,10931000000,11542000000,12261000000,13998000000,13014000000,12461000000,14237000000,18532000000,18163000000,17304000000,16012000000,15850000000,18899000000,16961000000,14931000000,13078000000,10714000000,12345000000,13470000000
IDA total,236000000,332000000,351000000,483000000,459000000,695000000,1819000000,1568000000,1570000000,1951000000,2121000000,,,4135000000,,3422000000,2252000000,3340000000,4449000000,4274000000,4828000000,4240000000,4909000000,4308000000,4577000000,3979000000,3184000000,3803000000,3562000000,4630000000,4167000000,3110000000,960000000,,1427000000,,,1443000000,,,1327000000,,1712000000,1551000000,,,1241000000,1472000000,2088000000,,4286000000,4213000000,3702000000,3723000000,2251000000,2524000000,2491000000,2164000000,2334000000,2740000000,1768000000,2239000000,2549000000
IDA blend,58000000,71000000,112000000,212000000,93000000,287000000,774000000,224000000,474000000,625000000,446000000,631000000,810000000,183000000,,762000000,451000000,491000000,1051000000,904000000,1464000000,1008000000,1506000000,902000000,1406000000,1369000000,748000000,957000000,510000000,1077000000,743000000,585000000,493000000,,994000000,,519000000,791000000,,,230000000,446000000,584000000,733000000,497000000,,368000000,767000000,1107000000,1297000000,2622000000,1241000000,1155000000,1308000000,1253000000,1105000000,990000000,942000000,1069000000,857000000,922000000,1512000000,1622000000
Indonesia,441000000,752000000,995000000,180000000,552000000,296000000,16000000,1000000,0,9000000,27000000,92000000,5000000,73000000,73000000,4000000,156000000,62000000,124000000,369000000,898000000,790000000,357000000,228000000,100000000,289000000,432000000,264000000,289000000,245000000,202000000,11000000,51000000,212000000,471000000,283000000,379000000,103000000,87000000,163000000,146000000,24000000,63000000,353000000,75000000,33000000,62000000,578000000,246000000,445000000,229000000,255000000,216000000,828000000,1196000000,436000000,378000000,1120000000,325000000,234000000,276000000,321000000,68000000
IDA only,178000000,261000000,239000000,271000000,366000000,408000000,1045000000,1344000000,1096000000,1326000000,1675000000,,,3952000000,,2660000000,1801000000,2849000000,3398000000,3370000000,3364000000,3232000000,3403000000,3406000000,3171000000,2610000000,2436000000,2846000000,,3553000000,,,,,,,,,,,,,1128000000,,,,873000000,,,,,2972000000,2547000000,2415000000,998000000,1419000000,1501000000,1222000000,1265000000,1883000000,846000000,727000000,927000000
Isle of Man,,,,,,,,,,,,,,,,,,,,,,,,,,,,,,,,,,,,,,,,,,,,,,,,,,,,,,,,,,,,,,,
India,544000000,1122000000,371000000,647000000,920000000,1049000000,994000000,1265000000,1653000000,1515000000,869000000,1868000000,1815000000,1337000000,1302000000,1108000000,1935000000,2369000000,1199000000,1199000000,1768000000,2123000000,2275000000,2637000000,2782000000,2999000000,4265000000,3929000000,3855000000,3691000000,2861000000,1896000000,1190000000,740000000,886000000,1403000000,851000000,1673000000,757000000,1215000000,983000000,1201000000,2031000000,2743000000,2214000000,1198000000,1475000000,2281000000,1644000000,1884000000,2898000000,3610000000,4396000000,5367000000,3330000000,2928000000,2782000000,2892000000,2118000000,3470000000,2847000000,4167000000,2846000000
Not classified,,,,,,,,,,,,,,,,,,,,,,,,,,,,,,,,,,,,,,,,,,,,,,,,,,,,,,,,,,,,,,,
Ireland,1000000,,,2000000,12000000,,,,,,,14000000,27000000,8000000,6000000,9000000,,5000000,28000000,27000000,44000000,12000000,3000000,,11000000,2000000,38000000,,24000000,,,11000000,,,41000000,,,,3000000,33000000,0,42000000,21000000,,25000000,5000000,13000000,27000000,19000000,,4000000,,,,40000000,43000000,43000000,2000000,5000000,36000000,11000000,,
"Iran, Islamic Rep.",84000000,107000000,127000000,137000000,141000000,171000000,407000000,327000000,760000000,1305000000,1234000000,1753000000,1434000000,2091000000,2912000000,5272000000,4570000000,5626000000,3784000000,533000000,278000000,487000000,541000000,509000000,465000000,548000000,803000000,833000000,478000000,192000000,454000000,1022000000,432000000,985000000,446000000,290000000,611000000,174000000,377000000,319000000,414000000,522000000,433000000,280000000,119000000,55000000,421000000,329000000,60000000,95000000,95000000,94000000,40000000,13000000,13000000,13000000,413000000,3000000,3000000,3000000,2000000,,
Iraq,168000000,118000000,278000000,201000000,321000000,248000000,341000000,359000000,380000000,405000000,180000000,187000000,627000000,1846000000,1425000000,1125000000,1136000000,1059000000,1782000000,1359000000,2242000000,2573000000,3261000000,3369000000,4535000000,3965000000,3381000000,3464000000,1897000000,1490000000,818000000,,,,,,,,,,,,,,74000000,196000000,303000000,297000000,375000000,388000000,439000000,585000000,500000000,375000000,660000000,1471000000,1787000000,943000000,452000000,145000000,4000000,0,55000000
Iceland,20000000,,,,,,,,27000000,,,,,,,27000000,,,,,,,,,,,,,,,,,,,,,,,,,,,,,,,,,,,,50000000,,,,,,,,,,,
Israel,163000000,87000000,271000000,407000000,417000000,437000000,319000000,283000000,978000000,1381000000,1122000000,1341000000,891000000,1959000000,1174000000,1624000000,1939000000,1261000000,1326000000,698000000,1260000000,1654000000,866000000,487000000,286000000,309000000,1185000000,1080000000,582000000,24000000,81000000,1210000000,1335000000,716000000,761000000,366000000,108000000,59000000,1289000000,1191000000,354000000,116000000,337000000,179000000,846000000,1135000000,1125000000,835000000,679000000,156000000,71000000,86000000,127000000,216000000,549000000,688000000,622000000,535000000,494000000,519000000,367000000,476000000,829000000
Italy,409000000,427000000,881000000,1212000000,1133000000,727000000,409000000,106000000,196000000,607000000,681000000,1099000000,1761000000,1014000000,1111000000,1011000000,711000000,517000000,689000000,601000000,475000000,129000000,247000000,306000000,273000000,205000000,198000000,183000000,179000000,196000000,153000000,202000000,184000000,201000000,195000000,327000000,280000000,519000000,56000000,25000000,271000000,238000000,240000000,568000000,450000000,143000000,384000000,467000000,159000000,94000000,102000000,286000000,191000000,71000000,126000000,236000000,750000000,713000000,287000000,177000000,201000000,210000000,236000000
Jamaica,,,1000000,1000000,0,,,3000000,,,,1000000,,13000000,8000000,4000000,1000000,3000000,4000000,,,0,,,,5000000,3000000,,,4000000,,,,,,,,,10000000,10000000,,,,,,10000000,10000000,13000000,2000000,,1000000,,,1000000,,2000000,22000000,,19000000,3000000,10000000,28000000,
Jordan,30000000,15000000,55000000,39000000,33000000,55000000,92000000,126000000,48000000,238000000,130000000,68000000,66000000,87000000,184000000,372000000,337000000,464000000,593000000,279000000,384000000,401000000,1061000000,786000000,478000000,292000000,250000000,143000000,247000000,59000000,16000000,24000000,,1000000,5000000,19000000,75000000,77000000,248000000,63000000,136000000,160000000,132000000,281000000,169000000,49000000,52000000,183000000,160000000,234000000,89000000,214000000,175000000,75000000,197000000,231000000,231000000,369000000,184000000,229000000,157000000,67000000,32000000
Japan,809000000,338000000,221000000,204000000,1718000000,1154000000,324000000,605000000,552000000,525000000,644000000,771000000,670000000,630000000,997000000,1668000000,1656000000,960000000,1078000000,985000000,1057000000,1337000000,1450000000,1695000000,2052000000,1975000000,1893000000,1946000000,1997000000,2283000000,2682000000,2940000000,2519000000,2121000000,1017000000,1243000000,859000000,830000000,1476000000,1244000000,483000000,420000000,431000000,455000000,388000000,372000000,460000000,549000000,987000000,988000000,653000000,299000000,235000000,339000000,329000000,356000000,345000000,434000000,755000000,972000000,923000000,947000000,1291000000
Kazakhstan,,,,,,,,,,,,,,,,,,,,,,,,,,,,,,,,,,,,99000000,2000000,64000000,,72000000,121000000,139000000,20000000,,47000000,42000000,44000000,82000000,25000000,39000000,58000000,62000000,94000000,141000000,82000000,444000000,252000000,218000000,299000000,230000000,269000000,85000000,4000000
Kenya,,,,,6000000,15000000,19000000,2000000,2000000,3000000,0,26000000,9000000,2000000,28000000,25000000,17000000,58000000,211000000,56000000,119000000,144000000,91000000,20000000,12000000,6000000,26000000,176000000,,47000000,43000000,14000000,,,30000000,,,58000000,,,12000000,,,,,,,11000000,,34000000,116000000,13000000,61000000,1000000,17000000,30000000,32000000,16000000,6000000,18000000,71000000,4000000,1000000
Kyrgyz Republic,,,,,,,,,,,,,,,,,,,,,,,,,,,,,,,,,,,,,,,,,,,,9000000,5000000,3000000,2000000,,,,,,,,,4000000,8000000,12000000,1000000,15000000,,1000000,12000000
Cambodia,1000000,2000000,5000000,11000000,41000000,43000000,37000000,20000000,15000000,18000000,6000000,22000000,106000000,123000000,23000000,,,,43000000,,34000000,,,13000000,67000000,68000000,134000000,50000000,10000000,119000000,45000000,,,2000000,72000000,1000000,26000000,21000000,,,,,,,,,14000000,56000000,,4000000,34000000,,77000000,67000000,,,,,5000000,1000000,,28000000,14000000
Kiribati,,,,,,,,,,,,,,,,,,,,,,,,,,,,,,,,,,,6000000,,,,,,,,,,,,,,,,,,,,,,,,,,,7000000,
St. Kitts and Nevis,,,,,,,,,,,,,,,,,,,,,,,,,,6000000,,,,,,,,,,,,,,,,,,,,,,,,,,,,,,,,,,,,,
"Korea, Rep.",195000000,180000000,132000000,218000000,283000000,631000000,570000000,130000000,357000000,499000000,93000000,235000000,373000000,253000000,450000000,654000000,556000000,1198000000,376000000,1349000000,914000000,887000000,677000000,496000000,524000000,764000000,869000000,771000000,1220000000,1849000000,1214000000,921000000,795000000,1024000000,1029000000,1965000000,1984000000,1230000000,1417000000,1636000000,1399000000,774000000,470000000,752000000,1051000000,799000000,1657000000,1728000000,1689000000,796000000,1297000000,1568000000,1076000000,189000000,738000000,256000000,1038000000,962000000,1140000000,1495000000,1276000000,798000000,408000000
Kuwait,44000000,,10000000,34000000,46000000,25000000,8000000,,104000000,97000000,54000000,109000000,30000000,,5000000,77000000,230000000,490000000,487000000,198000000,35000000,13000000,176000000,288000000,494000000,621000000,168000000,50000000,7000000,134000000,327000000,516000000,896000000,694000000,36000000,635000000,1189000000,478000000,46000000,198000000,227000000,67000000,23000000,43000000,2000000,12000000,5000000,288000000,5000000,9000000,85000000,113000000,31000000,73000000,692000000,331000000,159000000,114000000,96000000,55000000,66000000,904000000,2249000000
Latin America & Caribbean (excluding high income),841000000,1151000000,1591000000,574000000,383000000,417000000,529000000,623000000,1109000000,738000000,769000000,1101000000,1816000000,2097000000,,2149000000,2162000000,2968000000,2904000000,2172000000,2324000000,3190000000,2520000000,3397000000,,1430000000,1257000000,1502000000,943000000,1264000000,719000000,718000000,324000000,371000000,892000000,470000000,865000000,1717000000,685000000,981000000,672000000,1085000000,540000000,331000000,701000000,706000000,575000000,,441000000,607000000,827000000,804000000,899000000,513000000,756000000,1038000000,826000000,548000000,444000000,,559000000,523000000,
Lao PDR,3000000,4000000,19000000,15000000,7000000,7000000,14000000,14000000,4000000,6000000,32000000,17000000,14000000,43000000,1000000,37000000,21000000,134000000,26000000,,35000000,54000000,1000000,94000000,26000000,59000000,,29000000,18000000,,8000000,,,,,,,42000000,21000000,30000000,7000000,,,0,,4000000,,,7000000,26000000,,14000000,19000000,19000000,,7000000,,2000000,117000000,27000000,17000000,3000000,
Lebanon,,3000000,13000000,18000000,,34000000,72000000,80000000,1000000,,,7000000,52000000,54000000,41000000,11000000,3000000,8000000,2000000,19000000,37000000,9000000,36000000,93000000,192000000,71000000,,,,,,,40000000,40000000,18000000,42000000,27000000,9000000,8000000,4000000,4000000,,,,,1000000,,5000000,1000000,52000000,64000000,1000000,31000000,25000000,6000000,48000000,28000000,50000000,52000000,58000000,40000000,40000000,5000000
Liberia,,,,,2000000,,,18000000,,,,0,1000000,,,,2000000,,1000000,,,,,,,,5000000,7000000,,12000000,3000000,,,,,,,,,1000000,8000000,,,,,,,,,,,,,,,,,,,,0,,
Libya,14000000,17000000,2000000,3000000,15000000,9000000,26000000,12000000,57000000,155000000,371000000,540000000,534000000,733000000,1767000000,1637000000,1875000000,3056000000,4214000000,3166000000,2941000000,3172000000,2768000000,1410000000,731000000,750000000,401000000,184000000,9000000,218000000,11000000,,,,,,,,,9000000,,,,,,1000000,16000000,16000000,16000000,22000000,37000000,8000000,73000000,116000000,,,,,,,,,
St. Lucia,,,,,,,,,,,,,,,,,,,,,,,,,,,,,,,,,,,,,,,,,,,,,,,,,,,,,,,,,,,,,,,
Latin America & Caribbean,1226000000,1221000000,1742000000,735000000,421000000,493000000,678000000,,1209000000,782000000,866000000,1465000000,2069000000,2794000000,2374000000,2593000000,2821000000,3250000000,3145000000,2338000000,2888000000,4388000000,3592000000,3807000000,3619000000,2003000000,1553000000,1729000000,1171000000,1567000000,1087000000,1213000000,594000000,512000000,985000000,819000000,1068000000,2070000000,808000000,1282000000,1052000000,1258000000,676000000,533000000,780000000,1196000000,2053000000,,1657000000,1340000000,1552000000,1739000000,1675000000,1600000000,1116000000,1378000000,1014000000,624000000,549000000,,958000000,624000000,
Least developed countries: UN classification,139000000,131000000,178000000,182000000,276000000,290000000,503000000,451000000,264000000,447000000,809000000,,,656000000,725000000,,,1935000000,2589000000,1377000000,1530000000,1987000000,1712000000,1664000000,1587000000,1371000000,1687000000,,,2994000000,,,,,,,,,,,,,1155000000,687000000,,886000000,654000000,588000000,637000000,,,,1992000000,1841000000,927000000,1396000000,1516000000,1188000000,1222000000,1868000000,787000000,621000000,923000000
Low income,514000000,178000000,339000000,394000000,409000000,375000000,1771000000,2140000000,2342000000,1809000000,2210000000,2800000000,2374000000,4168000000,4767000000,2988000000,,2703000000,3317000000,3097000000,3292000000,2830000000,3594000000,3567000000,3022000000,3228000000,3125000000,3300000000,3495000000,3583000000,,,,,,,,274000000,575000000,639000000,,,822000000,539000000,934000000,675000000,286000000,,793000000,768000000,1506000000,1972000000,1615000000,1206000000,585000000,408000000,482000000,,639000000,617000000,493000000,,247000000
Liechtenstein,,,,,,,,,,,,,,,,,,,,,,,,,,,,,,,,,,,,,,,,,,,,,,,,,,,,,,,,,,,,,,,
Sri Lanka,4000000,,,,0,,,,,2000000,,33000000,47000000,,,1000000,0,17000000,7000000,,18000000,,,,48000000,42000000,27000000,110000000,19000000,5000000,19000000,167000000,22000000,35000000,74000000,64000000,207000000,48000000,83000000,62000000,293000000,158000000,42000000,34000000,48000000,57000000,96000000,91000000,79000000,21000000,4000000,21000000,,20000000,5000000,,,45000000,100000000,59000000,,54000000,7000000
Lower middle income,1070000000,2094000000,1471000000,1863000000,2286000000,3390000000,4966000000,5289000000,4803000000,4719000000,4554000000,,7656000000,6101000000,,4215000000,3945000000,5024000000,4390000000,5889000000,6993000000,7608000000,9243000000,8559000000,8057000000,7068000000,7984000000,8417000000,6673000000,6222000000,5280000000,4029000000,3012000000,3769000000,4635000000,4351000000,3283000000,4423000000,2938000000,3728000000,3099000000,3534000000,4188000000,4774000000,4246000000,3326000000,3326000000,4459000000,3713000000,3971000000,6990000000,9209000000,8659000000,9228000000,7518000000,7869000000,8332000000,9220000000,7222000000,7633000000,6186000000,8312000000,6724000000
Low & middle income,6255000000,,5918000000,5256000000,6133000000,6637000000,9864000000,10792000000,10780000000,10566000000,10806000000,14763000000,16398000000,19082000000,19019000000,18724000000,17267000000,22682000000,23562000000,20055000000,21491000000,23314000000,24350000000,23025000000,22155000000,19011000000,18386000000,20282000000,16400000000,15142000000,13020000000,11412000000,8126000000,9734000000,10339000000,10003000000,9472000000,10917000000,8005000000,10840000000,9228000000,9915000000,10458000000,9481000000,10340000000,10374000000,10267000000,11340000000,10878000000,11369000000,13198000000,17315000000,16998000000,15861000000,15174000000,15235000000,18353000000,16575000000,14660000000,12755000000,9931000000,11980000000,12318000000
Lesotho,,,,,,,,,,,,,,,,,,1000000,,5000000,3000000,,,1000000,,0,10000000,,,8000000,,4000000,,,,,,,5000000,,,6000000,,,1000000,,1000000,,,,,,,,,,,1000000,1000000,1000000,,,
Late-demographic dividend,4703000000,2528000000,1976000000,2625000000,3278000000,3467000000,4306000000,4412000000,5164000000,3824000000,4308000000,5649000000,4606000000,5575000000,4947000000,4896000000,4188000000,4217000000,4791000000,5749000000,5107000000,4905000000,4261000000,5441000000,5630000000,4634000000,4226000000,3742000000,3489000000,4298000000,3312000000,2959000000,3741000000,3515000000,3194000000,5386000000,6323000000,5678000000,2735000000,4961000000,4489000000,5147000000,4750000000,4352000000,5942000000,7989000000,7730000000,6253000000,5209000000,5284000000,4303000000,7250000000,6752000000,6590000000,7239000000,6522000000,6844000000,7082000000,7686000000,6516000000,4170000000,6306000000,9793000000
Lithuania,,,,,,,,,,,,,,,,,,,,,,,,,,,,,,,,,70000000,10000000,,4000000,15000000,,15000000,5000000,6000000,16000000,13000000,1000000,47000000,10000000,53000000,4000000,27000000,27000000,8000000,1000000,1000000,73000000,2000000,13000000,28000000,7000000,8000000,39000000,97000000,130000000,98000000
Luxembourg,,,,,,,,,,,,,,,1000000,,,,,,,,1000000,,,,,,,,,,,,,,3000000,,,1000000,,,,1000000,,,,,,10000000,10000000,,1000000,,,,1000000,1000000,,3000000,88000000,,0
Latvia,,,,,,,,,,,,,,,,,,,,,,,,,,,,,,,,,0,8000000,12000000,14000000,0,0,0,4000000,3000000,13000000,3000000,25000000,12000000,4000000,9000000,51000000,46000000,11000000,15000000,27000000,9000000,5000000,5000000,3000000,28000000,30000000,21000000,31000000,10000000,15000000,20000000
"Macao SAR, China",,,,,,,,,,,,,,,,,,,,,,,,,,,,,,,,,,,,,,,,,,,,,,,,,,,,,,,,,,,,,,,
St. Martin (French part),,,,,,,,,,,,,,,,,,,,,,,,,,,,,,,,,,,,,,,,,,,,,,,,,,,,,,,,,,,,,,,
Morocco,22000000,37000000,93000000,14000000,16000000,82000000,159000000,147000000,87000000,41000000,80000000,1000000,,21000000,198000000,207000000,216000000,408000000,419000000,725000000,467000000,798000000,527000000,394000000,72000000,50000000,31000000,32000000,111000000,126000000,137000000,62000000,17000000,98000000,117000000,28000000,89000000,220000000,,60000000,125000000,11000000,155000000,12000000,14000000,101000000,47000000,27000000,46000000,39000000,309000000,1406000000,879000000,62000000,572000000,47000000,287000000,605000000,462000000,48000000,12000000,235000000,352000000
Monaco,,,,,,,,,,,,,,,,,,,,,,,,,,,,,,,,,,,,,,,,,,,,,,,,,,,,,,,,,,,,,,,
Moldova,,,,,,,,,,,,,,,,,,,,,,,,,,,,,,,,,8000000,,3000000,9000000,,,,,,,,,,,,,,,,,,,,,,,,,,,
Madagascar,,3000000,,1000000,0,7000000,,12000000,1000000,1000000,,0,0,,18000000,6000000,,,,64000000,43000000,0,,8000000,,6000000,,,,,,,,,,,21000000,,,,,,,,,,,,,,,,,,,,,,1000000,,1000000,,
Maldives,,,,,,,,,,,,,,,,,,,,,,,,,,,,,,,,,2000000,,,,,0,8000000,,,,,,,,15000000,,,,5000000,,,5000000,,,,,,,3000000,,
Middle East & North Africa,751000000,965000000,1638000000,1757000000,2069000000,2527000000,4131000000,5218000000,5039000000,6291000000,5965000000,6849000000,8724000000,13103000000,12776000000,13223000000,12203000000,16399000000,16251000000,12483000000,13340000000,15464000000,17862000000,14880000000,13070000000,11451000000,12281000000,11814000000,6469000000,5954000000,6995000000,6566000000,5444000000,6991000000,5360000000,5410000000,6005000000,6250000000,6593000000,4930000000,3468000000,2660000000,3609000000,2629000000,4767000000,5527000000,5660000000,4379000000,4740000000,4257000000,5291000000,7449000000,5915000000,7018000000,8183000000,10496000000,13397000000,12420000000,10399000000,8886000000,6831000000,7834000000,11115000000
Mexico,21000000,30000000,109000000,60000000,38000000,11000000,21000000,14000000,,,82000000,48000000,15000000,158000000,61000000,104000000,69000000,39000000,68000000,62000000,75000000,115000000,343000000,116000000,,8000000,143000000,154000000,97000000,63000000,34000000,40000000,19000000,160000000,134000000,53000000,92000000,485000000,19000000,130000000,215000000,149000000,96000000,20000000,327000000,33000000,75000000,,23000000,59000000,109000000,224000000,252000000,51000000,84000000,318000000,315000000,209000000,15000000,,242000000,3000000,
Marshall Islands,,,,,,,,,,,,,,,,,,,,,,,,,,,,,2000000,,,6000000,,,,,,,,,,,,,,,,,,,,,,,,,,,,,,,
Middle income,5741000000,,5579000000,4862000000,5724000000,6262000000,8093000000,8652000000,8438000000,8757000000,8596000000,11963000000,14024000000,14914000000,14252000000,15736000000,15321000000,19979000000,20245000000,16958000000,18199000000,20484000000,20756000000,19458000000,19133000000,15783000000,15261000000,16982000000,12905000000,11559000000,9976000000,9212000000,7726000000,9438000000,10247000000,9598000000,9213000000,10643000000,7430000000,10201000000,8728000000,9583000000,9636000000,8942000000,9406000000,9699000000,9981000000,11075000000,10085000000,10601000000,11692000000,15343000000,15383000000,14655000000,14589000000,14827000000,17871000000,16103000000,14021000000,12138000000,9438000000,11668000000,12071000000
North Macedonia,,,,,,,,,,,,,,,,,,,,,,,,,,,,,,,,,,,27000000,0,,,11000000,81000000,17000000,112000000,,,,,0,,,,,,0,1000000,,,0,,,,,,6000000
Mali,,3000000,10000000,4000000,,,1000000,10000000,,2000000,,15000000,,,,11000000,89000000,,,,,91000000,4000000,15000000,13000000,0,,,2000000,,1000000,,,,0,,,9000000,4000000,,7000000,,1000000,3000000,,13000000,,8000000,3000000,10000000,,0,9000000,6000000,1000000,,21000000,31000000,25000000,18000000,44000000,36000000,58000000
Malta,,,,,,,,,,,,,0,0,,,,,8000000,,1000000,,,,,,,,,,,,13000000,,,0,1000000,6000000,0,,0,0,4000000,,4000000,18000000,,,,,,8000000,8000000,,12000000,10000000,6000000,8000000,,,,,45000000
Myanmar,6000000,17000000,14000000,27000000,18000000,19000000,3000000,13000000,6000000,22000000,4000000,23000000,4000000,,,53000000,10000000,9000000,25000000,19000000,40000000,,38000000,,,,8000000,,,34000000,271000000,232000000,29000000,331000000,97000000,223000000,118000000,231000000,156000000,141000000,16000000,154000000,157000000,100000000,194000000,160000000,175000000,153000000,80000000,62000000,59000000,668000000,395000000,250000000,104000000,246000000,283000000,211000000,192000000,196000000,216000000,64000000,394000000
Middle East & North Africa (excluding high income),526000000,866000000,1335000000,1315000000,1600000000,2016000000,3575000000,4707000000,3481000000,4337000000,4593000000,5289000000,7655000000,10800000000,11051000000,10671000000,8963000000,13086000000,13084000000,10737000000,10659000000,11398000000,14080000000,11289000000,10565000000,8913000000,7768000000,8137000000,4817000000,3548000000,3553000000,3484000000,1776000000,2579000000,2855000000,2646000000,1966000000,1631000000,1287000000,1464000000,2138000000,2174000000,2371000000,1528000000,,1882000000,2043000000,2144000000,2848000000,2285000000,3238000000,4619000000,3201000000,2279000000,2679000000,4211000000,7365000000,5583000000,4462000000,1867000000,2393000000,1945000000,1328000000
Montenegro,,,,,,,,,,,,,,,,,,,,,,,,,,,,,,,,,,,,,,,,,,,,,,,,,,,,,,,,1000000,0,,15000000,,5000000,1000000,2000000
Mongolia,10000000,66000000,90000000,86000000,120000000,137000000,116000000,63000000,15000000,14000000,15000000,13000000,8000000,58000000,76000000,190000000,26000000,24000000,42000000,29000000,60000000,72000000,152000000,114000000,110000000,98000000,27000000,36000000,27000000,,,,,,,,,,,,,,,,,,,,14000000,,27000000,3000000,78000000,,,73000000,,,,17000000,,,
Northern Mariana Islands,,,,,,,,,,,,,,,,,,,,,,,,,,,,,,,,,,,,,,,,,,,,,,,,,,,,,,,,,,,,,,,
Mozambique,,,,,,,,,,,,,,,,28000000,33000000,150000000,492000000,111000000,52000000,60000000,64000000,59000000,94000000,73000000,6000000,,,,,,,,,,,,,2000000,,,,1000000,,,,,,,,0,0,9000000,16000000,5000000,45000000,,,22000000,1000000,16000000,5000000
Mauritania,2000000,1000000,1000000,6000000,1000000,1000000,,,,,21000000,13000000,,1000000,5000000,5000000,15000000,29000000,17000000,24000000,,19000000,16000000,,0,3000000,,,,8000000,16000000,18000000,,,16000000,2000000,2000000,8000000,4000000,,31000000,,27000000,7000000,,,,,,,10000000,5000000,11000000,,8000000,1000000,35000000,,1000000,34000000,,,
Mauritius,,,,,,,,,0,,,0,,,2000000,,,,,3000000,,,,,,1000000,,,,,10000000,,,8000000,,,29000000,1000000,,,,,,,10000000,,,,,,,,,,28000000,,28000000,19000000,,,,1000000,4000000
Malawi,,,,,5000000,,,,,,,,0,,,,2000000,6000000,7000000,8000000,14000000,14000000,,,1000000,6000000,10000000,1000000,2000000,3000000,10000000,,,,4000000,,,,,,,,,,,,,,3000000,,,,1000000,2000000,2000000,2000000,0,,,,,,19000000
Malaysia,5000000,2000000,31000000,75000000,97000000,10000000,58000000,128000000,91000000,79000000,25000000,195000000,112000000,229000000,74000000,85000000,394000000,146000000,72000000,310000000,127000000,56000000,25000000,275000000,543000000,405000000,141000000,5000000,14000000,38000000,,33000000,13000000,13000000,308000000,843000000,33000000,553000000,39000000,720000000,25000000,26000000,153000000,196000000,73000000,59000000,184000000,502000000,500000000,1291000000,213000000,5000000,17000000,77000000,73000000,118000000,272000000,196000000,93000000,68000000,57000000,133000000,71000000
North America,392000000,1814000000,1483000000,1332000000,1066000000,753000000,415000000,321000000,406000000,586000000,661000000,1037000000,1149000000,736000000,810000000,583000000,552000000,474000000,499000000,443000000,821000000,983000000,524000000,1112000000,1028000000,1502000000,1230000000,2780000000,2500000000,1820000000,513000000,1243000000,891000000,1108000000,1408000000,1146000000,974000000,918000000,364000000,414000000,878000000,1001000000,907000000,720000000,890000000,619000000,747000000,1312000000,1391000000,1081000000,1326000000,1358000000,1417000000,989000000,907000000,928000000,710000000,896000000,564000000,1068000000,1021000000,1124000000,992000000
Namibia,,,,,,,,,,,,,,,,,,,,,,,,,,,,,,,,,,,2000000,4000000,,4000000,5000000,,,21000000,11000000,,16000000,,72000000,,24000000,15000000,3000000,1000000,57000000,9000000,2000000,,3000000,35000000,,,,,
New Caledonia,,,,,,,,,,,,,,,,,,,,,,,,,,,,,,,,,,,,,,,,,,,,,,,,,,,,,,,,,,,,,,,
Niger,1000000,1000000,,,1000000,1000000,,,,2000000,1000000,12000000,,,3000000,,,,2000000,57000000,7000000,,6000000,25000000,3000000,,3000000,,,,,14000000,,,,,,3000000,,,,,,5000000,,,,,8000000,1000000,,,,12000000,3000000,10000000,0,3000000,1000000,5000000,18000000,16000000,26000000
Nigeria,,1000000,8000000,9000000,2000000,56000000,159000000,45000000,50000000,39000000,14000000,12000000,113000000,7000000,24000000,424000000,104000000,89000000,141000000,108000000,474000000,331000000,642000000,41000000,359000000,569000000,211000000,115000000,62000000,15000000,18000000,3000000,58000000,41000000,95000000,2000000,15000000,1000000,,,36000000,9000000,6000000,64000000,11000000,,16000000,62000000,33000000,65000000,189000000,63000000,28000000,30000000,228000000,192000000,50000000,41000000,49000000,18000000,108000000,261000000,54000000
Nicaragua,2000000,8000000,6000000,8000000,0,0,2000000,,,,,5000000,5000000,10000000,,,8000000,19000000,13000000,,,41000000,67000000,47000000,165000000,87000000,88000000,151000000,63000000,14000000,102000000,1000000,,,,,,,,,,,,,,,,14000000,,14000000,,,,,13000000,14000000,86000000,7000000,,13000000,,,
Netherlands,302000000,317000000,378000000,719000000,910000000,745000000,183000000,742000000,266000000,555000000,699000000,698000000,662000000,21000000,40000000,96000000,266000000,584000000,699000000,774000000,621000000,757000000,1243000000,1333000000,1173000000,892000000,791000000,614000000,383000000,694000000,273000000,322000000,237000000,140000000,205000000,82000000,203000000,126000000,269000000,278000000,123000000,164000000,247000000,128000000,130000000,86000000,304000000,217000000,140000000,266000000,181000000,119000000,253000000,450000000,8000000,59000000,76000000,36000000,140000000,494000000,575000000,652000000,695000000
Norway,145000000,93000000,60000000,227000000,260000000,368000000,757000000,682000000,289000000,524000000,145000000,86000000,68000000,63000000,55000000,49000000,35000000,27000000,24000000,47000000,254000000,435000000,457000000,441000000,337000000,122000000,141000000,198000000,308000000,667000000,369000000,322000000,253000000,181000000,93000000,78000000,151000000,158000000,152000000,155000000,229000000,99000000,90000000,9000000,6000000,14000000,557000000,596000000,603000000,571000000,150000000,607000000,147000000,51000000,16000000,143000000,142000000,352000000,527000000,401000000,427000000,514000000,848000000
Nepal,,,,,,2000000,0,,,,8000000,8000000,3000000,1000000,2000000,15000000,6000000,,,,,1000000,,,3000000,3000000,,,,1000000,,,1000000,,,1000000,,,,,,11000000,9000000,9000000,34000000,6000000,,,1000000,,,3000000,,,5000000,14000000,8000000,1000000,7000000,36000000,,0,
Nauru,,,,,,,,,,,,,,,,,,,,,,,,,,,,,,,,,,,,,,,,,,,,,,,,,,,,,,,,,,,,,,,
New Zealand,119000000,111000000,8000000,5000000,,10000000,407000000,4000000,56000000,,168000000,133000000,20000000,19000000,7000000,48000000,7000000,34000000,,,,31000000,62000000,100000000,41000000,9000000,29000000,5000000,61000000,26000000,23000000,42000000,55000000,36000000,16000000,7000000,7000000,309000000,15000000,305000000,,45000000,17000000,157000000,99000000,10000000,6000000,81000000,3000000,56000000,78000000,28000000,30000000,26000000,84000000,90000000,,,6000000,3000000,125000000,7000000,157000000
OECD members,8910000000,8764000000,8911000000,12152000000,17377000000,14515000000,10914000000,10033000000,10214000000,12978000000,9421000000,13348000000,11633000000,12397000000,13080000000,14034000000,12845000000,10642000000,13015000000,11117000000,12312000000,13406000000,11741000000,11879000000,11733000000,10354000000,11901000000,13322000000,15251000000,14455000000,10970000000,14094000000,14530000000,13391000000,11600000000,10412000000,9917000000,9861000000,13524000000,11446000000,8946000000,8130000000,6781000000,8796000000,8045000000,7623000000,11082000000,13269000000,10541000000,9698000000,9846000000,8888000000,8084000000,5226000000,7031000000,7412000000,6833000000,8076000000,7355000000,8375000000,9111000000,8937000000,9889000000
Oman,1000000,,,1000000,1000000,1000000,2000000,7000000,5000000,36000000,26000000,60000000,11000000,71000000,67000000,181000000,150000000,250000000,81000000,43000000,12000000,72000000,182000000,356000000,120000000,88000000,49000000,40000000,19000000,119000000,60000000,,,55000000,145000000,278000000,286000000,158000000,22000000,,118000000,32000000,39000000,37000000,49000000,178000000,296000000,12000000,72000000,94000000,31000000,21000000,122000000,492000000,719000000,151000000,447000000,782000000,282000000,86000000,85000000,4000000,5000000
Other small states,20000000,,,,18000000,27000000,1000000,18000000,29000000,,5000000,,9000000,10000000,,,,,,,,,,,,90000000,,,,,446000000,,111000000,27000000,,123000000,269000000,346000000,43000000,,333000000,,129000000,,52000000,143000000,,,,,,354000000,77000000,,,,,117000000,,,,263000000,
Pakistan,42000000,69000000,88000000,181000000,85000000,214000000,594000000,153000000,418000000,559000000,423000000,553000000,664000000,162000000,225000000,229000000,274000000,264000000,649000000,690000000,854000000,485000000,537000000,777000000,856000000,747000000,280000000,616000000,411000000,962000000,623000000,498000000,352000000,972000000,862000000,365000000,500000000,692000000,699000000,868000000,176000000,412000000,559000000,645000000,465000000,431000000,324000000,694000000,1073000000,1192000000,2231000000,1146000000,1024000000,1105000000,860000000,771000000,830000000,868000000,886000000,733000000,688000000,1180000000,1565000000
Panama,,,,,0,,,,0,3000000,15000000,18000000,2000000,16000000,,27000000,6000000,4000000,5000000,,3000000,4000000,13000000,8000000,0,7000000,,,23000000,2000000,,,2000000,,,,0,12000000,,,,,1000000,,,,,,,7000000,,,15000000,36000000,,,3000000,15000000,8000000,,,4000000,8000000
Peru,191000000,96000000,14000000,24000000,18000000,52000000,65000000,26000000,188000000,89000000,35000000,157000000,184000000,458000000,555000000,548000000,372000000,933000000,748000000,639000000,697000000,858000000,271000000,317000000,356000000,213000000,250000000,614000000,240000000,10000000,97000000,107000000,124000000,42000000,175000000,46000000,119000000,373000000,51000000,96000000,18000000,10000000,16000000,22000000,47000000,368000000,193000000,172000000,,43000000,46000000,68000000,5000000,15000000,149000000,201000000,202000000,64000000,103000000,0,28000000,97000000,26000000
Philippines,51000000,45000000,11000000,4000000,2000000,102000000,86000000,43000000,16000000,26000000,9000000,90000000,52000000,114000000,53000000,132000000,256000000,198000000,143000000,92000000,75000000,39000000,17000000,117000000,39000000,23000000,,26000000,12000000,19000000,33000000,34000000,43000000,62000000,72000000,28000000,41000000,70000000,64000000,,,10000000,5000000,10000000,34000000,12000000,23000000,16000000,10000000,1000000,3000000,63000000,16000000,78000000,12000000,153000000,228000000,278000000,17000000,185000000,348000000,337000000,338000000
Palau,,,,,,,,,,,,,,,,,,,,,,,,,,,,,,,2000000,,,,,,6000000,,,,,,,,,,,,,,,,,,,,,,,,7000000,,
Papua New Guinea,,,,,,,,,,,,,,,,32000000,,3000000,2000000,,,2000000,4000000,,2000000,,8000000,12000000,6000000,6000000,4000000,10000000,10000000,,1000000,,0,7000000,,,,,,,,,,,,,,,,,3000000,,,0,10000000,,,14000000,
Poland,853000000,849000000,688000000,1001000000,1564000000,1154000000,980000000,745000000,860000000,932000000,796000000,922000000,848000000,1044000000,1064000000,963000000,785000000,924000000,1112000000,1127000000,1090000000,807000000,725000000,529000000,462000000,922000000,1382000000,1029000000,899000000,499000000,227000000,76000000,100000000,4000000,74000000,250000000,102000000,1000000,3000000,25000000,148000000,33000000,256000000,347000000,223000000,103000000,439000000,966000000,633000000,191000000,169000000,137000000,223000000,142000000,258000000,140000000,47000000,128000000,57000000,264000000,143000000,74000000,639000000
Pre-demographic dividend,268000000,227000000,395000000,315000000,534000000,526000000,873000000,785000000,667000000,842000000,880000000,972000000,1083000000,2270000000,2136000000,,,1919000000,3659000000,2790000000,3936000000,4634000000,5145000000,4544000000,6219000000,5458000000,4802000000,5770000000,,4082000000,3018000000,,,,292000000,,,266000000,,,418000000,,388000000,471000000,,,531000000,603000000,927000000,1154000000,1599000000,2193000000,1756000000,1238000000,1678000000,2131000000,2598000000,1599000000,1257000000,999000000,656000000,606000000,407000000
Puerto Rico,,,,,,,,,,,,,,,,,,,,,,,,,,,,,,,,,,,,,,,,,,,,,,,,,,,,,,,,,,,,,,,
"Korea, Dem. People's Rep.",405000000,69000000,181000000,197000000,168000000,117000000,855000000,854000000,1299000000,605000000,629000000,1572000000,569000000,640000000,934000000,636000000,503000000,314000000,370000000,239000000,417000000,261000000,547000000,509000000,283000000,1038000000,1097000000,848000000,853000000,595000000,294000000,197000000,137000000,92000000,34000000,139000000,73000000,9000000,9000000,179000000,18000000,28000000,9000000,8000000,8000000,5000000,5000000,5000000,5000000,4000000,1000000,,,,,,,,,,,,
Portugal,31000000,157000000,28000000,41000000,45000000,63000000,241000000,283000000,373000000,338000000,370000000,177000000,16000000,16000000,117000000,326000000,64000000,94000000,128000000,5000000,36000000,57000000,184000000,12000000,109000000,154000000,5000000,9000000,90000000,135000000,70000000,1012000000,19000000,350000000,453000000,20000000,8000000,0,16000000,3000000,2000000,19000000,,29000000,70000000,158000000,220000000,60000000,144000000,370000000,892000000,165000000,42000000,11000000,3000000,1000000,21000000,8000000,19000000,44000000,45000000,6000000,
Paraguay,9000000,,11000000,0,8000000,1000000,1000000,5000000,9000000,,0,1000000,12000000,0,1000000,20000000,3000000,,9000000,1000000,18000000,5000000,3000000,1000000,3000000,35000000,4000000,,14000000,,6000000,3000000,1000000,,,,2000000,,,,,6000000,,,4000000,1000000,,,,,3000000,8000000,7000000,0,,,,,,2000000,,5000000,
West Bank and Gaza,,,,,,,,,,,,,,,,,,,,,,,,,,,,,,,,,,,5000000,1000000,9000000,,,,,,,,,,,2000000,,14000000,5000000,,,,,,1000000,,,1000000,,,
Pacific island small states,,,,,,,,,,,,,,,,,,,,,,,,,,,,,,,23000000,,,,18000000,12000000,,,,,,,,,,,,,,,,,,,,,,,,,,,
Post-demographic dividend,7577000000,8432000000,9369000000,10764000000,15041000000,12929000000,9611000000,8724000000,8232000000,10698000000,7975000000,10575000000,9639000000,8812000000,10208000000,11037000000,10205000000,9324000000,10759000000,9181000000,10537000000,12035000000,10710000000,11606000000,10768000000,9494000000,9779000000,10259000000,12855000000,13155000000,10689000000,12167000000,11182000000,10073000000,8759000000,7877000000,8246000000,8059000000,10177000000,8459000000,7521000000,7245000000,5162000000,7658000000,6667000000,5461000000,7976000000,10234000000,9311000000,9484000000,9236000000,8153000000,6574000000,4624000000,4431000000,5717000000,6147000000,7098000000,6917000000,7525000000,8049000000,8255000000,11250000000
French Polynesia,,,,,,,,,,,,,,,,,,,,,,,,,,,,,,,,,,,,,,,,,,,,,,,,,,,,,,,,,,,,,,,
Qatar,,,,,,,,,2000000,3000000,6000000,16000000,,,,38000000,26000000,55000000,16000000,14000000,57000000,48000000,129000000,468000000,328000000,2000000,2000000,57000000,91000000,10000000,5000000,17000000,63000000,10000000,9000000,10000000,200000000,244000000,302000000,61000000,3000000,,,,,,,27000000,,286000000,30000000,190000000,335000000,82000000,55000000,520000000,885000000,619000000,581000000,2048000000,838000000,2075000000,3342000000
Romania,113000000,27000000,181000000,227000000,418000000,518000000,401000000,442000000,591000000,399000000,561000000,474000000,501000000,539000000,683000000,646000000,295000000,349000000,298000000,643000000,523000000,475000000,445000000,284000000,240000000,330000000,455000000,214000000,192000000,275000000,606000000,63000000,185000000,14000000,29000000,2000000,39000000,61000000,170000000,142000000,21000000,24000000,21000000,17000000,285000000,436000000,60000000,97000000,76000000,56000000,107000000,80000000,21000000,20000000,0,22000000,177000000,88000000,35000000,13000000,189000000,183000000,126000000
Russian Federation,,,,,,,,,,,,,,,,,,,,,,,,,,,,,,,,,40000000,,,,,,,,,,,,,,,90000000,,8000000,25000000,10000000,121000000,184000000,207000000,113000000,127000000,93000000,62000000,5000000,1000000,6000000,129000000
Rwanda,,,11000000,,0,0,,,,,,0,0,2000000,1000000,3000000,,1000000,,,,,,4000000,6000000,3000000,2000000,,2000000,2000000,1000000,2000000,5000000,,,,1000000,2000000,9000000,20000000,14000000,,,,,,3000000,20000000,8000000,11000000,,,5000000,15000000,14000000,27000000,,8000000,3000000,1000000,,58000000,
South Asia,630000000,1247000000,523000000,868000000,1061000000,1356000000,1786000000,1648000000,2217000000,2168000000,1309000000,2621000000,2655000000,1576000000,1573000000,1482000000,2515000000,2787000000,2181000000,2250000000,3047000000,3053000000,3234000000,3759000000,4116000000,4025000000,4860000000,5217000000,5574000000,7112000000,5556000000,4051000000,1680000000,1794000000,1883000000,1952000000,1565000000,2439000000,1548000000,2331000000,1655000000,2061000000,2708000000,3439000000,2793000000,1735000000,2134000000,3193000000,2954000000,3421000000,5534000000,5525000000,6123000000,7402000000,4720000000,4489000000,4239000000,4373000000,3579000000,5395000000,3831000000,5543000000,4602000000
Saudi Arabia,17000000,12000000,22000000,,5000000,48000000,227000000,221000000,456000000,424000000,95000000,10000000,104000000,185000000,378000000,479000000,612000000,951000000,1020000000,765000000,1090000000,1810000000,2214000000,1818000000,834000000,1319000000,2838000000,2001000000,775000000,1382000000,2043000000,1033000000,1118000000,2358000000,981000000,983000000,1724000000,2790000000,2886000000,1580000000,84000000,60000000,560000000,160000000,1163000000,166000000,205000000,227000000,387000000,825000000,1093000000,1172000000,930000000,1526000000,2743000000,3389000000,2947000000,3920000000,3276000000,3484000000,2491000000,1739000000,2272000000
Sudan,9000000,15000000,19000000,8000000,36000000,5000000,5000000,2000000,16000000,177000000,598000000,87000000,69000000,23000000,3000000,,,26000000,208000000,4000000,3000000,209000000,90000000,25000000,106000000,65000000,9000000,122000000,77000000,16000000,4000000,46000000,6000000,,,3000000,27000000,63000000,,36000000,,106000000,49000000,204000000,293000000,132000000,69000000,33000000,128000000,88000000,182000000,173000000,94000000,130000000,61000000,123000000,109000000,68000000,33000000,18000000,,,
Senegal,0,8000000,,0,4000000,0,1000000,,1000000,38000000,,12000000,,1000000,17000000,,15000000,41000000,20000000,29000000,,,7000000,38000000,4000000,,14000000,18000000,,,,,,,1000000,6000000,,,,,,,,,,15000000,15000000,12000000,6000000,6000000,4000000,16000000,,,7000000,22000000,40000000,47000000,15000000,40000000,22000000,21000000,18000000
Singapore,,,,,,1000000,8000000,,6000000,138000000,92000000,165000000,177000000,99000000,295000000,255000000,254000000,171000000,50000000,338000000,410000000,167000000,176000000,245000000,83000000,123000000,75000000,277000000,542000000,233000000,522000000,370000000,111000000,170000000,179000000,302000000,165000000,619000000,804000000,308000000,788000000,247000000,232000000,83000000,377000000,542000000,73000000,356000000,1110000000,1426000000,962000000,891000000,748000000,755000000,66000000,152000000,636000000,403000000,568000000,489000000,154000000,156000000,361000000
Solomon Islands,,,,,,,,,,,,,,,,,,,,,,,,,,,,,6000000,,,6000000,,,,,,,,,,,,,,,,,,,,,,,,,,,,7000000,,7000000,
Sierra Leone,,,,,,,,,,,,,,28000000,,,1000000,,2000000,,42000000,,,1000000,3000000,,,18000000,,,,,1000000,,7000000,14000000,,16000000,,12000000,,,,,,,9000000,,,,,2000000,0,1000000,,1000000,2000000,,,,,,
El Salvador,,,,0,,1000000,1000000,0,20000000,3000000,9000000,1000000,,1000000,29000000,46000000,19000000,10000000,3000000,11000000,12000000,5000000,32000000,15000000,60000000,41000000,5000000,,,,,21000000,4000000,2000000,,4000000,4000000,,2000000,,,,19000000,10000000,,,,,3000000,,,,2000000,,20000000,,,1000000,1000000,2000000,4000000,4000000,7000000
San Marino,,,,,,,,,,,,,,,,,,,,,,,,,,,,,,,,,,,,,,,,,,,,,,,,,,,,,,,,,,,,,,,
Somalia,10000000,2000000,0,11000000,,30000000,52000000,72000000,4000000,1000000,,,21000000,165000000,283000000,128000000,180000000,44000000,57000000,48000000,122000000,97000000,61000000,23000000,15000000,42000000,15000000,,,,16000000,,,,,,,,,1000000,,,,,,,,,,,,,,3000000,,1000000,2000000,2000000,,8000000,2000000,2000000,
Serbia,,,,,,,,,,,,,,,,,,,,,,,,,,,,,,,,,4000000,2000000,2000000,8000000,1000000,13000000,6000000,1000000,1000000,27000000,,,,,,,,,16000000,,0,,,,22000000,65000000,3000000,155000000,132000000,116000000,335000000
Sub-Saharan Africa (excluding high income),124000000,,353000000,645000000,505000000,627000000,969000000,548000000,398000000,584000000,1291000000,1028000000,709000000,810000000,955000000,1976000000,1699000000,2428000000,3053000000,1356000000,1943000000,2236000000,2265000000,1558000000,1844000000,1656000000,1922000000,2081000000,1408000000,525000000,416000000,288000000,,,544000000,,333000000,429000000,,,614000000,458000000,,,,,1087000000,1235000000,932000000,625000000,1056000000,1332000000,1175000000,847000000,842000000,578000000,758000000,,,,,,438000000
South Sudan,,,,,,,,,,,,,,,,,,,,,,,,,,,,,,,,,,,,,,,,,,,,,,,,37000000,44000000,1000000,2000000,61000000,2000000,10000000,36000000,19000000,8000000,,,,,8000000,8000000
Sub-Saharan Africa,124000000,,353000000,645000000,505000000,627000000,969000000,548000000,398000000,584000000,1291000000,1028000000,709000000,810000000,955000000,1976000000,1699000000,2429000000,3053000000,1375000000,1949000000,2236000000,2267000000,1573000000,1844000000,1656000000,1932000000,2081000000,1409000000,525000000,416000000,288000000,,,544000000,,333000000,429000000,,,614000000,458000000,,,,,1087000000,1235000000,932000000,625000000,1056000000,1339000000,1175000000,857000000,858000000,578000000,766000000,,,,,,438000000
Small states,20000000,,,,18000000,27000000,1000000,,,,,,,,,,,,,,,,,,,,,,,,,,,,,,,,,,369000000,,,,,,,,,,,354000000,77000000,,,,,130000000,,,,289000000,
Sao Tome and Principe,,,,,,,,,,,,,,,,,,,,,,,,,,,,,,,,,,,,,,,,,,,,,,,,,,,,,,,,,,,,,,,
Suriname,,,,,,,,,,,,,,,,0,5000000,10000000,,,,0,2000000,,8000000,,5000000,2000000,,,,,,,,,,,,23000000,2000000,,,,,,,,,,,,0,7000000,,3000000,,,,,,,
Slovak Republic,,,,,,,,,,,,,,,,,,,,,,,,,,,,,,,,,,146000000,29000000,208000000,29000000,,,,0,,27000000,,1000000,4000000,,0,0,9000000,9000000,,2000000,5000000,,,,47000000,34000000,15000000,25000000,,2000000
Slovenia,,,,,,,,,,,,,,,,,,,,,,,,,,,,,,,,2000000,10000000,22000000,11000000,22000000,20000000,9000000,4000000,19000000,2000000,41000000,2000000,17000000,17000000,3000000,3000000,2000000,,10000000,40000000,28000000,,,1000000,,,,,,,9000000,
Sweden,232000000,159000000,134000000,324000000,403000000,317000000,294000000,339000000,222000000,157000000,122000000,97000000,170000000,231000000,256000000,292000000,214000000,100000000,198000000,249000000,247000000,454000000,171000000,179000000,93000000,84000000,144000000,142000000,126000000,105000000,94000000,55000000,60000000,46000000,307000000,106000000,98000000,196000000,294000000,224000000,206000000,165000000,74000000,66000000,47000000,78000000,120000000,51000000,51000000,17000000,11000000,191000000,207000000,54000000,44000000,26000000,70000000,32000000,7000000,7000000,3000000,122000000,318000000
Eswatini,,,,,,,,,,,,,,,,,,,,6000000,,,,,,,,,,,,,,,,,,,,,1000000,1000000,,,,,,,,,,,,,,,,,,,2000000,,
Sint Maarten (Dutch part),,,,,,,,,,,,,,,,,,,,,,,,,,,,,,,,,,,,,,,,,,,,,,,,,,,,,,,,,,,,,,,
Seychelles,,,,,,,,,,,,,,,,,,1000000,,19000000,6000000,,2000000,15000000,,,10000000,,1000000,,0,,,,,,,,,,,,,,,15000000,,,,,,7000000,,10000000,16000000,,8000000,,10000000,,,,
Syrian Arab Republic,21000000,12000000,20000000,74000000,50000000,77000000,508000000,889000000,805000000,856000000,859000000,735000000,1502000000,3276000000,3420000000,1411000000,527000000,931000000,871000000,2045000000,1859000000,1338000000,1973000000,2233000000,1809000000,1575000000,1262000000,1409000000,1312000000,663000000,739000000,320000000,240000000,171000000,19000000,35000000,35000000,35000000,55000000,58000000,64000000,28000000,45000000,69000000,25000000,35000000,100000000,20000000,294000000,205000000,413000000,493000000,516000000,506000000,21000000,22000000,8000000,37000000,199000000,36000000,84000000,11000000,
Turks and Caicos Islands,,,,,,,,,,,,,,,,,,,,,,,,,,,,,,,,,,,,,,,,,,,,,,,,,,,,,,,,,,,,,,,
Chad,1000000,1000000,,,,0,,,,,,4000000,,3000000,13000000,10000000,8000000,3000000,,,10000000,,,36000000,9000000,1000000,29000000,28000000,9000000,56000000,,,,,3000000,1000000,,,7000000,7000000,,16000000,,,,,17000000,29000000,82000000,36000000,42000000,1000000,4000000,59000000,58000000,1000000,2000000,6000000,7000000,1000000,4000000,43000000,4000000
East Asia & Pacific (IDA & IBRD countries),3079000000,1971000000,1627000000,1063000000,1573000000,1552000000,1741000000,1656000000,1585000000,1193000000,1569000000,,,,1267000000,1116000000,1060000000,797000000,981000000,2384000000,2614000000,2445000000,1221000000,2036000000,1866000000,1271000000,1010000000,1068000000,1177000000,1081000000,1243000000,1395000000,1786000000,2046000000,1969000000,2917000000,3061000000,3023000000,1064000000,3136000000,2803000000,3230000000,3453000000,3137000000,4015000000,4085000000,3439000000,2963000000,2863000000,3355000000,1735000000,3335000000,3449000000,3350000000,3784000000,3300000000,3553000000,4221000000,4115000000,2697000000,1996000000,2292000000,1907000000
Europe & Central Asia (IDA & IBRD countries),2090000000,1785000000,1671000000,2360000000,3151000000,2596000000,2008000000,2272000000,2392000000,2798000000,2767000000,3069000000,3049000000,2770000000,3465000000,2693000000,1813000000,2067000000,3275000000,3010000000,2680000000,2997000000,2263000000,2054000000,2194000000,2530000000,3229000000,3109000000,2965000000,2127000000,2833000000,1759000000,2285000000,2439000000,,,,,,,,,,,,,,2379000000,,1450000000,1127000000,1975000000,2540000000,1816000000,2885000000,1910000000,1983000000,1638000000,1703000000,2187000000,997000000,1296000000,4372000000
Togo,1000000,,,,0,0,,,1000000,1000000,2000000,1000000,,4000000,,15000000,50000000,1000000,9000000,9000000,28000000,19000000,4000000,2000000,,,16000000,0,0,,,9000000,8000000,,3000000,3000000,,9000000,,,,,,,,,,,,,1000000,,,,15000000,,,,,6000000,5000000,10000000,42000000
Thailand,28000000,52000000,108000000,108000000,93000000,87000000,58000000,140000000,88000000,124000000,250000000,243000000,147000000,338000000,113000000,87000000,148000000,104000000,191000000,306000000,322000000,350000000,82000000,254000000,351000000,188000000,162000000,534000000,618000000,285000000,235000000,580000000,426000000,183000000,610000000,530000000,734000000,935000000,76000000,172000000,85000000,116000000,152000000,131000000,120000000,115000000,99000000,8000000,16000000,63000000,60000000,249000000,278000000,378000000,105000000,180000000,342000000,326000000,634000000,278000000,145000000,146000000,113000000
Tajikistan,,,,,,,,,,,,,,,,,,,,,,,,,,,,,,,,,,,27000000,,,,,,,,,,,,13000000,7000000,,34000000,,,,3000000,,,7000000,19000000,4000000,5000000,,,3000000
Turkmenistan,,,,,,,,,,,,,,,,,,,,,,,,,,,,,,,,,,,,,,,,,,,,18000000,21000000,,,,7000000,36000000,27000000,236000000,108000000,68000000,70000000,169000000,433000000,97000000,,,,348000000,
Latin America & the Caribbean (IDA & IBRD countries),1073000000,698000000,422000000,452000000,174000000,363000000,446000000,,1054000000,627000000,711000000,1303000000,1617000000,2374000000,1966000000,2393000000,2505000000,2641000000,2631000000,1928000000,2539000000,3424000000,2628000000,3037000000,3193000000,1651000000,1239000000,1656000000,1004000000,1473000000,916000000,1051000000,594000000,512000000,985000000,819000000,1068000000,2070000000,808000000,1282000000,1019000000,1258000000,676000000,533000000,772000000,1193000000,2053000000,,1657000000,1339000000,1552000000,1739000000,1675000000,1600000000,1086000000,1362000000,994000000,612000000,549000000,,958000000,624000000,
Timor-Leste,,,,,,,,,,,,,,,,,,,,,,,,,,,,,,,,,,,,,,,,,,,,,,,,,,,18000000,14000000,,,,,,,,,,,
Middle East & North Africa (IDA & IBRD countries),526000000,866000000,1335000000,1315000000,1600000000,2016000000,3575000000,4707000000,3481000000,4337000000,4593000000,5289000000,7655000000,10800000000,11051000000,10671000000,8963000000,13086000000,13084000000,10737000000,10659000000,11398000000,14080000000,11289000000,10565000000,8913000000,7768000000,8137000000,4817000000,3548000000,3553000000,3484000000,1776000000,2579000000,2850000000,2645000000,1957000000,1631000000,1287000000,1464000000,2138000000,2174000000,2371000000,1528000000,,1882000000,2043000000,2142000000,2848000000,2271000000,3233000000,4619000000,3201000000,2279000000,2679000000,4211000000,7364000000,5583000000,4462000000,1866000000,2393000000,1945000000,1328000000
Tonga,,,,,,,,,,,,,,,,,,,,,,,,,,,0,,,6000000,6000000,6000000,,,,,0,,,,,,,,,,,,,,,,,,,5000000,,,,7000000,7000000,,
South Asia (IDA & IBRD),630000000,1247000000,523000000,868000000,1061000000,1356000000,1786000000,1648000000,2217000000,2168000000,1309000000,2621000000,2655000000,1576000000,1573000000,1482000000,2515000000,2787000000,2181000000,2250000000,3047000000,3053000000,3234000000,3759000000,4116000000,4025000000,4860000000,5217000000,5574000000,7112000000,5556000000,4051000000,1680000000,1794000000,1883000000,1952000000,1565000000,2439000000,1548000000,2331000000,1655000000,2061000000,2708000000,3439000000,2793000000,1735000000,2134000000,3193000000,2954000000,3421000000,5534000000,5525000000,6123000000,7402000000,4720000000,4489000000,4239000000,4373000000,3579000000,5395000000,3831000000,5543000000,4602000000
Sub-Saharan Africa (IDA & IBRD countries),124000000,,353000000,645000000,505000000,627000000,969000000,548000000,398000000,584000000,1291000000,1028000000,709000000,810000000,955000000,1976000000,1699000000,2429000000,3053000000,1375000000,1949000000,2236000000,2267000000,1573000000,1844000000,1656000000,1932000000,2081000000,1409000000,525000000,416000000,288000000,,,544000000,,333000000,429000000,,,614000000,458000000,,,,,1087000000,1235000000,932000000,625000000,1056000000,1339000000,1175000000,857000000,858000000,578000000,766000000,,,,,,438000000
Trinidad and Tobago,,,,,,11000000,0,,,,,,11000000,2000000,,,,,,,22000000,6000000,,,,,,0,,,,,,,,,,,,,11000000,0,2000000,,,,,6000000,,,24000000,12000000,12000000,,,46000000,30000000,,,,,32000000,
Tunisia,44000000,6000000,,7000000,4000000,40000000,,5000000,17000000,23000000,51000000,0,4000000,26000000,14000000,15000000,10000000,73000000,14000000,122000000,103000000,56000000,60000000,103000000,116000000,319000000,,56000000,17000000,48000000,4000000,20000000,32000000,,35000000,56000000,68000000,39000000,18000000,12000000,,,44000000,1000000,,168000000,2000000,,3000000,,7000000,7000000,,40000000,49000000,7000000,39000000,97000000,181000000,15000000,15000000,23000000,8000000
Turkiye,593000000,312000000,266000000,582000000,835000000,412000000,335000000,593000000,426000000,644000000,396000000,941000000,1095000000,789000000,1279000000,641000000,360000000,295000000,984000000,917000000,487000000,731000000,483000000,477000000,549000000,678000000,472000000,1429000000,1628000000,1017000000,1241000000,1279000000,1879000000,2329000000,1891000000,1564000000,1484000000,1512000000,2626000000,1733000000,1180000000,508000000,872000000,331000000,257000000,1094000000,529000000,690000000,638000000,731000000,467000000,760000000,1481000000,769000000,1527000000,445000000,328000000,429000000,488000000,756000000,96000000,272000000,184000000
Tuvalu,,,,,,,,,,,,,,,,,,,,,,,,,,,,,,,,,,,6000000,,,,,,,,,,,,,,,,,,,,,,,,,7000000,,,
Tanzania,,,,,4000000,4000000,22000000,1000000,,,11000000,60000000,47000000,118000000,182000000,48000000,,44000000,63000000,260000000,53000000,121000000,9000000,,,,1000000,,,5000000,,,18000000,,4000000,,4000000,,,,2000000,,1000000,51000000,,10000000,12000000,1000000,,25000000,,78000000,115000000,118000000,14000000,20000000,20000000,2000000,16000000,,8000000,52000000,
Uganda,,,,,3000000,1000000,16000000,4000000,27000000,16000000,3000000,3000000,20000000,17000000,46000000,123000000,34000000,5000000,,,,,14000000,,,10000000,,31000000,1000000,20000000,,,,,,32000000,,,55000000,39000000,6000000,,33000000,,36000000,10000000,5000000,0,14000000,26000000,37000000,469000000,216000000,20000000,2000000,6000000,1000000,22000000,10000000,36000000,67000000,7000000,48000000
Ukraine,,,,,,,,,,,,,,,,,,,,,,,,,,,,,,,,,,,,,,,,,,,,,,,,,,,,,,,1000000,22000000,5000000,4000000,70000000,23000000,18000000,39000000,2644000000
Upper middle income,4671000000,,4108000000,2999000000,3438000000,2872000000,3127000000,3363000000,3635000000,4038000000,4042000000,5739000000,6368000000,8813000000,9874000000,11521000000,11376000000,14955000000,15855000000,11069000000,11206000000,12876000000,11513000000,10899000000,11076000000,8715000000,7277000000,8565000000,6232000000,5337000000,4696000000,5183000000,4714000000,5669000000,5612000000,5247000000,5930000000,6220000000,4492000000,6473000000,5629000000,6049000000,5448000000,4168000000,5160000000,6373000000,6655000000,6616000000,6372000000,6630000000,4702000000,6134000000,6724000000,5427000000,7071000000,6958000000,9539000000,6883000000,6799000000,4505000000,3252000000,3356000000,5347000000
Uruguay,17000000,0,100000000,0,2000000,8000000,6000000,,10000000,12000000,10000000,16000000,24000000,6000000,5000000,3000000,53000000,2000000,8000000,9000000,21000000,100000000,15000000,17000000,,12000000,,,16000000,41000000,41000000,63000000,25000000,18000000,11000000,12000000,4000000,19000000,27000000,9000000,4000000,,13000000,,,20000000,8000000,3000000,78000000,29000000,20000000,,,3000000,9000000,8000000,,,10000000,,25000000,3000000,5000000
United States,221000000,238000000,264000000,323000000,326000000,190000000,109000000,84000000,70000000,70000000,38000000,582000000,773000000,658000000,586000000,388000000,499000000,384000000,369000000,253000000,380000000,531000000,248000000,463000000,382000000,654000000,420000000,1993000000,1788000000,1783000000,363000000,491000000,484000000,912000000,935000000,741000000,555000000,567000000,249000000,222000000,302000000,463000000,471000000,567000000,537000000,501000000,634000000,831000000,968000000,977000000,1085000000,1002000000,1210000000,787000000,591000000,520000000,458000000,527000000,380000000,890000000,801000000,868000000,837000000
Uzbekistan,,,,,,,,,,,,,,,,,,,,,,,,,,,,,,,,,,,,,,,,,,8000000,9000000,,,,,,,,30000000,,,,17000000,101000000,56000000,8000000,116000000,78000000,46000000,47000000,
St. Vincent and the Grenadines,,,,,,,,,,,,,,,,,,,,,,,,,,,,4000000,,,,,,,,,,,,,,,,,,,,,,,,,,,,,,,,,,,
"Venezuela, RB",64000000,32000000,32000000,34000000,2000000,,69000000,216000000,20000000,8000000,15000000,130000000,165000000,395000000,252000000,230000000,170000000,213000000,59000000,14000000,367000000,917000000,701000000,242000000,231000000,517000000,92000000,73000000,105000000,120000000,190000000,320000000,73000000,38000000,1000000,5000000,35000000,37000000,8000000,85000000,106000000,106000000,44000000,15000000,9000000,21000000,377000000,771000000,737000000,358000000,208000000,596000000,687000000,993000000,181000000,125000000,95000000,,14000000,,79000000,,
British Virgin Islands,,,,,,,,,,,,,,,,,,,,,,,,,,,,,,,,,,,,,,,,,,,,,,,,,,,,,,,,,,,,,,,
Virgin Islands (U.S.),,,,,,,,,,,,,,,,,,,,,,,,,,,,,,,,,,,,,,,,,,,,,,,,,,,,,,,,,,,,,,,
Viet Nam,103000000,95000000,47000000,107000000,248000000,639000000,1126000000,1089000000,1168000000,893000000,1199000000,1182000000,1315000000,1283000000,851000000,485000000,42000000,42000000,227000000,1249000000,1017000000,1080000000,532000000,916000000,557000000,28000000,78000000,50000000,65000000,128000000,116000000,,,,,281000000,213000000,110000000,220000000,164000000,7000000,95000000,58000000,22000000,294000000,221000000,42000000,8000000,182000000,60000000,150000000,1010000000,780000000,360000000,1209000000,851000000,907000000,781000000,603000000,160000000,32000000,244000000,95000000
Vanuatu,,,,,,,,,,,,,,,,,,,,,,,,,,,,6000000,,,,,,,,,,,,,,,,,,,,,,,,,,,,,,,,,,7000000,
World,15748000000,14919000000,15436000000,17890000000,23793000000,22200000000,21656000000,21913000000,22293000000,25021000000,22042000000,28879000000,28530000000,32404000000,33235000000,34547000000,32619000000,37073000000,39491000000,33170000000,37111000000,41737000000,40950000000,39529000000,36926000000,33206000000,35599000000,36247000000,32866000000,32078000000,28738000000,27897000000,24065000000,25696000000,22787000000,22835000000,23698000000,28815000000,27701000000,25058000000,19254000000,18458000000,17677000000,18965000000,21182000000,21245000000,24247000000,26522000000,24100000000,23931000000,25702000000,29901000000,27790000000,27213000000,27099000000,28427000000,31148000000,31371000000,27747000000,27443000000,23320000000,26540000000,31739000000
Samoa,,,,,,,,,,,,,,,,,,,,,,,,,,,,,6000000,,,,,,,,,,,,,,,,,,,,,,,,,,,,,,,7000000,,,
Kosovo,,,,,,,,,,,,,,,,,,,,,,,,,,,,,,,,,,,,,,,,,,,,,,,,,,,,,,,1000000,,,,1000000,,3000000,10000000,1000000
"Yemen, Rep.",,,,,,,,,,,,,,,,,,,,,,,,,,,,,,,78000000,113000000,,,4000000,171000000,,,1000000,52000000,158000000,85000000,592000000,58000000,248000000,311000000,38000000,66000000,41000000,5000000,261000000,47000000,38000000,23000000,6000000,33000000,7000000,6000000,9000000,,,,
South Africa,13000000,,232000000,518000000,301000000,386000000,510000000,299000000,218000000,211000000,510000000,309000000,291000000,369000000,193000000,226000000,415000000,501000000,383000000,126000000,195000000,119000000,47000000,216000000,125000000,26000000,206000000,19000000,5000000,11000000,11000000,26000000,361000000,244000000,239000000,38000000,38000000,11000000,,21000000,6000000,18000000,,,,264000000,741000000,914000000,493000000,134000000,178000000,208000000,127000000,1000000,50000000,2000000,,,,,,,30000000
Zambia,,,,,7000000,16000000,17000000,,,7000000,4000000,165000000,29000000,19000000,9000000,48000000,109000000,40000000,42000000,4000000,136000000,252000000,42000000,,18000000,,,,,,,,,,,,6000000,,,,43000000,,2000000,,,0,28000000,4000000,2000000,,,1000000,61000000,,,14000000,44000000,46000000,,43000000,3000000,19000000,2000000
Zimbabwe,15000000,,16000000,20000000,,,,21000000,,,,5000000,21000000,0,2000000,42000000,19000000,4000000,13000000,,,15000000,81000000,34000000,26000000,28000000,212000000,29000000,2000000,,2000000,42000000,60000000,0,,,,,1000000,25000000,3000000,10000000,,16000000,14000000,25000000,25000000,,,,,,,,,,,,,,,,